channel,month,product_grouping,product_quantity,sales
E-commerce 1,2021-12-01,11133,16887,168225.83499996
E-commerce 1,2021-12-01,11127,10955,109175.384999988
Website,2021-12-01,11113,2403,68847.4897999998
Website,2021-12-01,11137,1892,50905.5550000005
Retailer 1,2021-12-01,11135,8316,45738
Website,2021-12-01,11127,3583,44648.3445500006
Website,2021-12-01,11135,3076,35965.2198500001
Retailer 1,2021-12-01,11127,5718,32208
Website,2021-12-01,11118,922,27943.1699999998
Website,2021-12-01,11119,2453,24019.1100999999
Website,2021-12-01,11130,2169,22892.2650499998
E-commerce 1,2021-12-01,11119,1707,17061.4650000004
Website,2021-12-01,11133,2134,15928.2649500002
Website,2021-12-01,11124,1951,13842.3399500002
Website,2021-12-01,11136,1511,12504.6599000002
Website,2021-12-01,11120,3081,11239.6393500005
Retailer 1,2021-12-01,11123,720,9360
Website,2021-12-01,11131,178,8259.53499999999
Website,2021-12-01,11125,1052,8259.30994999997
Website,2021-12-01,11129,327,7669.74
Website,2021-12-01,11140,1649,5754.55014999992
Website,2021-12-01,11143,556,5704.80984999997
Website,2021-12-01,11132,895,5635.81494999997
Retailer 1,2021-12-01,11133,708,4248
Retailer 1,2021-12-01,11130,726,3993
E-commerce 1,2021-12-01,11125,365,3648.17499999998
Website,2021-12-01,11112,216,3458.59499999999
Website,2021-12-01,11147,441,3326.49999999998
E-commerce 1,2021-12-01,11124,248,3098.75999999998
E-commerce 1,2021-12-01,11128,278,2978.32999999998
Website,2021-12-01,11145,560,2844.30469999999
Website,2021-12-01,11142,381,2212.40499999999
Website,2021-12-01,11123,126,1575
Website,2021-12-01,11128,195,1526.81
Website,2021-12-01,11116,373,1421.125
Retailer 1,2021-12-01,11136,312,1365
Retailer 1,2021-12-01,11132,293,1281.875
Retailer 2,2021-12-01,11123,89,1157
Retailer 1,2021-12-01,11124,156,1013.22
Website,2021-12-01,11115,51,752.615
Website,2021-12-01,11146,140,681.635000000001
Website,2021-12-01,11134,114,681.58
Website,2021-12-01,11144,58,540.23
Retailer 2,2021-12-01,11127,96,528
Website,2021-12-01,11141,600,518.310000000001
E-commerce 2,2021-12-01,11113,13,422.45
E-commerce 1,2021-12-01,11112,22,384.89
Website,2021-12-01,11117,51,277.32
Retailer 1,2021-12-01,11128,24,155.88
Website,2021-12-01,11114,481,124.675
Retailer 2,2021-12-01,11124,15,101.25
Website,2021-12-01,11111,11,58.455
Website,2021-12-01,11126,6,57.47
Website,2021-12-01,11138,1,34.995
E-commerce 2,2021-12-01,11130,2,32.49
E-commerce 2,2021-12-01,11127,2,32.49
E-commerce 2,2021-12-01,11135,2,32.49
E-commerce 2,2021-12-01,11125,1,22.495
Wholesale,2021-12-01,11135,1345,9.995
Wholesale,2021-12-01,11125,120,0
Wholesale,2021-12-01,11119,1086,0
Wholesale,2021-12-01,11120,400,0
Wholesale,2021-12-01,11124,432,0
Wholesale,2021-12-01,11146,20,0
Wholesale,2021-12-01,11127,1758,0
Wholesale,2021-12-01,11128,600,0
Wholesale,2021-12-01,11130,894,0
Wholesale,2021-12-01,11133,960,0
Wholesale,2021-12-01,11142,20,0
Wholesale,2021-12-01,11143,20,0
Wholesale,2021-12-01,11144,20,0
Wholesale,2021-12-01,11145,20,0
Wholesale,2021-12-01,11136,4,0
Wholesale,2021-12-01,11137,200,0
E-commerce 1,2021-11-01,11133,15849,157791.059999964
Website,2021-11-01,11137,5362,144513.289999995
E-commerce 1,2021-11-01,11127,9091,90624.6650000032
Website,2021-11-01,11113,2544,70696.5101000008
Retailer 1,2021-11-01,11127,10794,64680
Retailer 1,2021-11-01,11135,10722,58971
Website,2021-11-01,11127,3970,47156.334650001
Website,2021-11-01,11135,3797,40397.5498000002
Website,2021-11-01,11118,924,27547.8850000002
Website,2021-11-01,11119,2578,24298.4949000002
Website,2021-11-01,11130,2133,22102.65965
Retailer 1,2021-11-01,11123,1452,18876
Website,2021-11-01,11124,1323,17562.1649500002
Website,2021-11-01,11133,2231,16975.2749500003
Website,2021-11-01,11136,1726,14201.3499500002
Retailer 1,2021-11-01,11133,2352,14112
E-commerce 1,2021-11-01,11119,1354,13533.2300000004
Website,2021-11-01,11131,251,11572.565
Wholesale,2021-11-01,11127,2286,11431.2
Website,2021-11-01,11120,4222,11282.5441500001
Website,2021-11-01,11125,1284,10261.31475
Website,2021-11-01,11129,361,8072.90995
Website,2021-11-01,11132,1093,7328.26994999995
Website,2021-11-01,11143,514,5316.52989999998
Retailer 1,2021-11-01,11130,744,4092
Wholesale,2021-11-01,11135,813,4073.4
E-commerce 1,2021-11-01,11125,369,3688.15499999997
Website,2021-11-01,11112,228,3596.73999999999
Website,2021-11-01,11140,841,3201.75989999996
Website,2021-11-01,11145,558,2759.06989999999
E-commerce 1,2021-11-01,11124,198,2474.00999999999
Retailer 1,2021-11-01,11136,528,2310
Retailer 1,2021-11-01,11132,498,2178.75
Website,2021-11-01,11147,220,1758.545
Website,2021-11-01,11128,199,1744.245
E-commerce 1,2021-11-01,11128,160,1725.43
Website,2021-11-01,11142,296,1724.7899
Website,2021-11-01,11123,109,1341
Retailer 1,2021-11-01,11124,204,1224
Website,2021-11-01,11116,640,1120.78495
Website,2021-11-01,11111,190,999.355
Website,2021-11-01,11134,163,977.37
Wholesale,2021-11-01,11124,144,937.44
Website,2021-11-01,11146,181,894.395000000001
E-commerce 2,2021-11-01,11113,31,872.36
Retailer 2,2021-11-01,11123,50,650
Wholesale,2021-11-01,11130,92,468.14
E-commerce 1,2021-11-01,11112,21,367.395
Retailer 2,2021-11-01,11127,60,330
Website,2021-11-01,11144,39,321.84
Retailer 1,2021-11-01,11128,36,192
Website,2021-11-01,11141,269,166.605
Website,2021-11-01,11114,723,141.885
Retailer 2,2021-11-01,11124,18,121.5
E-commerce 2,2021-11-01,11135,7,119.965
E-commerce 2,2021-11-01,11127,9,114.955
E-commerce 2,2021-11-01,11119,5,87.475
E-commerce 2,2021-11-01,11130,6,72.47
Website,2021-11-01,11148,224,68.51
Website,2021-11-01,11126,7,65.47
Website,2021-11-01,11138,2,34.995
E-commerce 2,2021-11-01,11125,2,19.99
E-commerce 2,2021-11-01,11124,1,12.495
Wholesale,2021-11-01,11133,7,0
Wholesale,2021-11-01,11120,125,0
Website,2021-11-01,11115,2,0
Wholesale,2021-11-01,11132,3250,0
Wholesale,2021-11-01,11112,2,0
E-commerce 1,2021-10-01,11133,16536,164837.534999961
Website,2021-10-01,11137,5091,142107.799999996
Website,2021-10-01,11113,3224,88945.2349500012
E-commerce 1,2021-10-01,11127,7248,72303.8300000024
Website,2021-10-01,11127,4234,50718.4445500011
Website,2021-10-01,11138,1524,47887.9350000003
Website,2021-10-01,11135,3309,37912.1446999997
Retailer 1,2021-10-01,11127,5280,35319
Website,2021-10-01,11118,954,26614.7749999999
Website,2021-10-01,11119,2500,24490.2598499998
Website,2021-10-01,11130,2317,23877.4898499998
Website,2021-10-01,11124,1426,19761.1351000003
Website,2021-10-01,11133,2285,17127.4449000004
Website,2021-10-01,11136,1900,16686.4750000004
E-commerce 1,2021-10-01,11119,1620,16191.9000000004
Retailer 1,2021-10-01,11135,2676,14718
Website,2021-10-01,11120,6036,14519.1449500008
Website,2021-10-01,11125,1221,9947.21500000007
Website,2021-10-01,11131,212,9337.06
Retailer 1,2021-10-01,11133,1452,8712
Website,2021-10-01,11132,1101,8619.62999999998
Retailer 1,2021-10-01,11123,636,8268
Website,2021-10-01,11129,337,7072.55499999999
Website,2021-10-01,11111,844,4682.74724999998
Website,2021-10-01,11147,483,3749.82009999998
E-commerce 1,2021-10-01,11128,281,3066.21
E-commerce 1,2021-10-01,11125,301,3008.49499999998
Website,2021-10-01,11145,551,2701.50495
Website,2021-10-01,11143,249,2500.15494999999
Website,2021-10-01,11112,156,2410.03499999999
Retailer 1,2021-10-01,11124,384,2304
Retailer 1,2021-10-01,11130,366,2013
E-commerce 1,2021-10-01,11124,114,1411.935
Website,2021-10-01,11123,100,1200
Website,2021-10-01,11134,184,1072.34
Website,2021-10-01,11146,183,888.375000000001
Retailer 2,2021-10-01,11127,151,830.5
Website,2021-10-01,11142,144,813.335
Website,2021-10-01,11116,766,745.985
Retailer 2,2021-10-01,11123,53,689
Website,2021-10-01,11144,74,646.91075
E-commerce 2,2021-10-01,11113,19,474.905
E-commerce 1,2021-10-01,11112,13,227.435
E-commerce 2,2021-10-01,11135,12,207.44
E-commerce 2,2021-10-01,11127,8,154.96
Retailer 1,2021-10-01,11128,24,132
E-commerce 2,2021-10-01,11130,8,104.96
E-commerce 2,2021-10-01,11125,5,99.975
Website,2021-10-01,11148,556,97.015
Retailer 2,2021-10-01,11124,14,94.5
Website,2021-10-01,11126,12,91.45
E-commerce 2,2021-10-01,11119,5,62.475
E-commerce 2,2021-10-01,11133,4,39.98
Wholesale,2021-10-01,11136,302,0
Wholesale,2021-10-01,11137,2,0
Wholesale,2021-10-01,11140,1,0
Wholesale,2021-10-01,11141,1,0
Website,2021-10-01,11140,4,0
Website,2021-10-01,11141,4,0
Website,2021-10-01,11114,1,0
Wholesale,2021-10-01,11112,5,0
Wholesale,2021-10-01,11116,50,0
Wholesale,2021-10-01,11117,1,0
Wholesale,2021-10-01,11119,362,0
Wholesale,2021-10-01,11120,902,0
Wholesale,2021-10-01,11124,122,0
Wholesale,2021-10-01,11125,2,0
Wholesale,2021-10-01,11127,128,0
Wholesale,2021-10-01,11128,1,0
Wholesale,2021-10-01,11130,2,0
Wholesale,2021-10-01,11132,982,0
Wholesale,2021-10-01,11133,1001,0
Wholesale,2021-10-01,11135,126,0
E-commerce 1,2021-09-01,11133,16330,162608.644999962
Retailer 1,2021-09-01,11135,15852,87186
Retailer 1,2021-09-01,11127,13932,82077
Website,2021-09-01,11113,2819,77607.3749500003
E-commerce 1,2021-09-01,11127,5636,56261.8550000047
Website,2021-09-01,11127,4001,48783.2393500023
Website,2021-09-01,11135,3376,39296.6245500009
Website,2021-09-01,11118,1057,31063.2749999997
Website,2021-09-01,11130,2245,23952.0197499997
Website,2021-09-01,11119,2404,23205.4902499998
Website,2021-09-01,11124,1328,18257.0449000001
Website,2021-09-01,11120,5149,18206.7677999999
Retailer 1,2021-09-01,11123,1390,17146
Website,2021-09-01,11133,2274,16965.0549500003
Website,2021-09-01,11136,1996,16151.8000000003
Website,2021-09-01,11131,355,15976.73
Retailer 1,2021-09-01,11133,1848,11088
Website,2021-09-01,11125,1314,10214.4650000001
E-commerce 1,2021-09-01,11119,926,9255.37000000001
Website,2021-09-01,11132,1471,8864.93994999998
Retailer 1,2021-09-01,11130,1320,7260
Website,2021-09-01,11129,298,6760.37499999999
Website,2021-09-01,11140,1672,6230.98499999991
Website,2021-09-01,11147,436,3203.90489999998
Website,2021-09-01,11112,147,2231.05999999999
E-commerce 1,2021-09-01,11125,202,2018.98999999999
E-commerce 1,2021-09-01,11128,171,1846.32
Website,2021-09-01,11145,362,1794.22495
Website,2021-09-01,11128,207,1626.37975
E-commerce 1,2021-09-01,11124,130,1624.35
Website,2021-09-01,11142,219,1276.245
Website,2021-09-01,11143,119,1160.575
Retailer 1,2021-09-01,11124,192,1152
Website,2021-09-01,11123,92,1116
Retailer 2,2021-09-01,11123,83,1079
Website,2021-09-01,11144,106,937.055
Website,2021-09-01,11134,159,920.420000000001
Website,2021-09-01,11146,133,706.715
Website,2021-09-01,11116,429,704.05
Retailer 2,2021-09-01,11127,125,687.5
Website,2021-09-01,11141,749,428.785000000001
E-commerce 2,2021-09-01,11113,14,349.93
E-commerce 2,2021-09-01,11127,11,209.945
E-commerce 2,2021-09-01,11135,10,199.95
Retailer 1,2021-09-01,11128,36,198
Retailer 2,2021-09-01,11124,20,135
E-commerce 2,2021-09-01,11130,10,124.95
E-commerce 1,2021-09-01,11112,6,104.97
Website,2021-09-01,11114,559,88.255
Website,2021-09-01,11126,9,46.475
Website,2021-09-01,11148,234,25.995
E-commerce 2,2021-09-01,11125,1,22.495
E-commerce 2,2021-09-01,11133,2,19.99
E-commerce 2,2021-09-01,11124,1,12.495
E-commerce 2,2021-09-01,11119,1,9.995
Wholesale,2021-09-01,11124,126,0
Website,2021-09-01,11137,2,0
Wholesale,2021-09-01,11125,240,0
Wholesale,2021-09-01,11127,1541,0
Website,2021-09-01,11115,6,0
Wholesale,2021-09-01,11130,1413,0
Wholesale,2021-09-01,11119,1650,0
Wholesale,2021-09-01,11132,1256,0
Wholesale,2021-09-01,11133,980,0
Wholesale,2021-09-01,11135,1538,0
Wholesale,2021-09-01,11136,246,0
Wholesale,2021-09-01,11123,7,0
Website,2021-09-01,11111,4,0
Wholesale,2021-09-01,11120,250,0
E-commerce 1,2021-08-01,11133,17800,170373.240599957
Website,2021-08-01,11113,2383,65234.9799500007
Website,2021-08-01,11127,3781,46297.1598000009
Retailer 1,2021-08-01,11127,7818,44586
Retailer 1,2021-08-01,11135,6822,37521
E-commerce 1,2021-08-01,11127,3666,36640.9200000001
Website,2021-08-01,11135,2804,32856.9249999994
Website,2021-08-01,11118,845,24850.2099999999
Website,2021-08-01,11130,2137,22722.4199499998
Website,2021-08-01,11119,2124,19599.7400000002
Website,2021-08-01,11124,1023,13929.1299500002
Website,2021-08-01,11133,1671,12596.2450000002
Website,2021-08-01,11120,2936,11879.3453000002
Website,2021-08-01,11136,1225,9945.22000000003
Website,2021-08-01,11125,1158,9251.51999999997
Website,2021-08-01,11131,193,8889.48
E-commerce 1,2021-08-01,11119,841,8405.79499999993
Retailer 1,2021-08-01,11123,612,7956
Retailer 1,2021-08-01,11133,1308,7848
Retailer 1,2021-08-01,11130,1176,6468
Website,2021-08-01,11132,772,6092.97999999996
Website,2021-08-01,11129,249,5584.88495
Website,2021-08-01,11147,452,3449.16499999998
E-commerce 1,2021-08-01,11124,197,2269.01999999999
E-commerce 1,2021-08-01,11128,193,2077.11
Website,2021-08-01,11140,732,1933.96999999998
Website,2021-08-01,11112,88,1357.535
E-commerce 1,2021-08-01,11125,134,1339.33
Website,2021-08-01,11145,230,1189.655
Website,2021-08-01,11128,138,1166.175
Retailer 1,2021-08-01,11124,180,1080
Website,2021-08-01,11123,86,1050
Website,2021-08-01,11142,140,846.8301
Retailer 2,2021-08-01,11123,57,741
Website,2021-08-01,11143,65,675.655
Website,2021-08-01,11134,105,631.83
Website,2021-08-01,11146,91,504.02
Retailer 2,2021-08-01,11127,87,478.5
Website,2021-08-01,11141,765,382.535
Website,2021-08-01,11144,42,371.31
E-commerce 2,2021-08-01,11113,10,314.96
Website,2021-08-01,11116,148,253.53
E-commerce 2,2021-08-01,11127,14,252.43
Retailer 1,2021-08-01,11128,36,198
E-commerce 2,2021-08-01,11130,10,149.95
Website,2021-08-01,11114,573,144.765
E-commerce 1,2021-08-01,11112,6,104.97
Retailer 2,2021-08-01,11124,13,87.75
E-commerce 2,2021-08-01,11135,5,62.475
E-commerce 2,2021-08-01,11125,3,54.985
Website,2021-08-01,11126,10,38.48
E-commerce 2,2021-08-01,11133,3,29.985
Website,2021-08-01,11137,1,25.5
Website,2021-08-01,11148,106,19.5
E-commerce 2,2021-08-01,11124,1,12.495
Wholesale,2021-08-01,11135,6,0
Wholesale,2021-08-01,11127,44,0
Wholesale,2021-08-01,11130,18,0
E-commerce 1,2021-07-01,11133,13803,137689.930599974
Website,2021-07-01,11113,3257,88778.1147000003
Website,2021-07-01,11127,4884,59600.6731500023
Retailer 1,2021-07-01,11135,8310,41550
Website,2021-07-01,11135,3438,40694.9688000007
Retailer 1,2021-07-01,11127,7614,40470
E-commerce 1,2021-07-01,11127,3313,33113.4349999995
Website,2021-07-01,11118,1052,30354.5799999998
Website,2021-07-01,11130,2404,24926.9349499997
Website,2021-07-01,11119,2305,21810.8146000001
Website,2021-07-01,11124,1383,18349.8147500002
Retailer 1,2021-07-01,11123,1308,16350
Website,2021-07-01,11120,4029,16329.6933500006
Website,2021-07-01,11133,2040,15024.6847500003
Website,2021-07-01,11136,1643,13121.9050000002
Website,2021-07-01,11131,300,12974.51495
Website,2021-07-01,11125,1299,10642.8598500001
Website,2021-07-01,11132,1024,7638.43489999997
Website,2021-07-01,11147,927,7012.29484999995
Retailer 1,2021-07-01,11130,1386,6930
Website,2021-07-01,11129,301,6354.91994999999
Retailer 1,2021-07-01,11133,660,4455
E-commerce 1,2021-07-01,11124,233,2898.83999999998
Website,2021-07-01,11112,141,2120.49499999999
E-commerce 1,2021-07-01,11128,176,1923.25
Website,2021-07-01,11140,1033,1884.42479999999
Website,2021-07-01,11128,233,1871.895
Website,2021-07-01,11145,341,1647.87489999999
E-commerce 1,2021-07-01,11119,125,1249.375
Website,2021-07-01,11142,164,916.479950000001
Website,2021-07-01,11134,156,884.734950000001
E-commerce 2,2021-07-01,11113,32,832.345
Website,2021-07-01,11123,49,600
Website,2021-07-01,11146,111,593.505
Website,2021-07-01,11143,51,497.56
Website,2021-07-01,11144,52,451.795
Website,2021-07-01,11141,402,300.96
E-commerce 1,2021-07-01,11112,14,244.93
Website,2021-07-01,11114,1365,235.93
Retailer 1,2021-07-01,11124,36,225
E-commerce 1,2021-07-01,11125,22,219.89
E-commerce 2,2021-07-01,11127,11,147.445
E-commerce 2,2021-07-01,11135,7,119.965
E-commerce 2,2021-07-01,11130,7,107.465
Website,2021-07-01,11116,24,70.61
Website,2021-07-01,11148,351,68.01
Website,2021-07-01,11126,11,66.47
Website,2021-07-01,11137,3,55.495
E-commerce 2,2021-07-01,11119,4,52.48
E-commerce 2,2021-07-01,11125,3,42.485
E-commerce 2,2021-07-01,11124,3,37.485
E-commerce 2,2021-07-01,11133,3,29.985
Wholesale,2021-07-01,11127,761,9.995
Wholesale,2021-07-01,11116,1,6.495
Wholesale,2021-07-01,11130,1383,0
Wholesale,2021-07-01,11119,810,0
Wholesale,2021-07-01,11124,120,0
Wholesale,2021-07-01,11125,360,0
Wholesale,2021-07-01,11132,150,0
Wholesale,2021-07-01,11133,1980,0
Wholesale,2021-07-01,11135,507,0
Wholesale,2021-07-01,11136,100,0
E-commerce 1,2021-06-01,11133,11734,117079.159999983
Website,2021-06-01,11113,2689,74909.09495
Website,2021-06-01,11137,1977,54094.5998500008
Website,2021-06-01,11127,4219,50545.0298000021
Retailer 1,2021-06-01,11127,7164,42045
Website,2021-06-01,11135,3453,38598.2849000012
Retailer 1,2021-06-01,11135,6252,31260
E-commerce 1,2021-06-01,11127,2822,28205.8899999994
Website,2021-06-01,11118,882,26104.2899999999
Website,2021-06-01,11130,2285,23710.3449499999
Website,2021-06-01,11119,2083,20110.0199
Retailer 1,2021-06-01,11123,1572,19650
Website,2021-06-01,11124,1279,17450.5400000001
Website,2021-06-01,11120,3293,13520.3675000002
Website,2021-06-01,11133,1522,11264.09535
Wholesale,2021-06-01,11127,2550,11088
Website,2021-06-01,11136,1232,11029.8949000001
Website,2021-06-01,11125,1302,10831.4850000001
Retailer 1,2021-06-01,11133,1548,10449
Retailer 1,2021-06-01,11130,1494,7470
Website,2021-06-01,11132,848,6319.10989999996
Website,2021-06-01,11129,245,5466.69
E-commerce 1,2021-06-01,11124,214,2673.92999999999
E-commerce 1,2021-06-01,11128,214,2340.87
Website,2021-06-01,11140,1341,1978.94574999998
Website,2021-06-01,11112,131,1940.46
Website,2021-06-01,11128,214,1876.975
Retailer 1,2021-06-01,11124,228,1425
Website,2021-06-01,11145,213,1047.455
Website,2021-06-01,11134,151,903.795
Retailer 2,2021-06-01,11123,63,819
E-commerce 2,2021-06-01,11113,20,564.91
Retailer 2,2021-06-01,11127,99,544.5
Website,2021-06-01,11143,47,486.585
Website,2021-06-01,11142,62,323.475
Website,2021-06-01,11146,67,316.25
E-commerce 2,2021-06-01,11127,14,277.43
E-commerce 1,2021-06-01,11112,13,227.435
Website,2021-06-01,11123,25,225
Website,2021-06-01,11144,24,204.41
Wholesale,2021-06-01,11124,38,194.4
E-commerce 2,2021-06-01,11135,13,167.435
Website,2021-06-01,11149,674,124.625
Retailer 2,2021-06-01,11124,18,121.5
Website,2021-06-01,11126,16,106.955
Website,2021-06-01,11114,504,102.76
E-commerce 2,2021-06-01,11119,7,94.965
E-commerce 2,2021-06-01,11125,5,74.975
Retailer 1,2021-06-01,11128,12,66
E-commerce 2,2021-06-01,11130,5,49.975
E-commerce 2,2021-06-01,11133,4,39.98
Wholesale,2021-06-01,11123,12,24.995
Wholesale,2021-06-01,11133,14,9.995
Wholesale,2021-06-01,11132,8,7.495
Wholesale,2021-06-01,11137,2,0
Wholesale,2021-06-01,11135,23,0
Wholesale,2021-06-01,11130,2,0
Wholesale,2021-06-01,11120,3,0
Wholesale,2021-06-01,11119,8,0
Wholesale,2021-06-01,11136,1,0
E-commerce 1,2021-05-01,11133,13965,139258.900699973
Website,2021-05-01,11137,3599,96452.1948499988
Website,2021-05-01,11113,3183,86654.2299499993
Website,2021-05-01,11127,4507,53750.5895500015
Website,2021-05-01,11135,3673,41410.4949000015
E-commerce 1,2021-05-01,11127,4111,41089.4449999994
Retailer 1,2021-05-01,11135,7752,38760
Retailer 1,2021-05-01,11127,6300,32775
Website,2021-05-01,11118,990,28722.5099999998
Website,2021-05-01,11119,2443,22772.9748499999
Website,2021-05-01,11130,2127,21508.1198499998
Website,2021-05-01,11124,1562,21123.9099000002
Website,2021-05-01,11133,1873,14071.0900500004
Wholesale,2021-05-01,11127,1986,12900
Website,2021-05-01,11120,3046,11959.5746
Wholesale,2021-05-01,11135,1860,11550
Website,2021-05-01,11125,1406,11305.24
Retailer 1,2021-05-01,11123,840,10500
Website,2021-05-01,11136,703,7899.22999999995
Website,2021-05-01,11132,1042,6999.72994999995
Wholesale,2021-05-01,11119,1100,6750
Website,2021-05-01,11129,252,5724.76995
Wholesale,2021-05-01,11130,484,5400
Website,2021-05-01,11143,489,5057.06499999998
Retailer 1,2021-05-01,11133,648,4374
Retailer 1,2021-05-01,11130,606,3030
E-commerce 1,2021-05-01,11128,221,2406.81
Website,2021-05-01,11112,142,2245.55499999999
E-commerce 1,2021-05-01,11124,166,2074.16999999999
Wholesale,2021-05-01,11125,240,1950
Website,2021-05-01,11128,213,1840.71499999999
Website,2021-05-01,11140,1224,1723.45499999999
Wholesale,2021-05-01,11120,600,1237.5
Website,2021-05-01,11123,81,999.995
Retailer 2,2021-05-01,11123,76,988
Retailer 1,2021-05-01,11124,132,825
E-commerce 2,2021-05-01,11113,27,804.885
Website,2021-05-01,11145,151,744.295
Website,2021-05-01,11134,116,701.525
Retailer 2,2021-05-01,11127,124,682
Wholesale,2021-05-01,11132,100,375
Website,2021-05-01,11149,1544,263.78
Website,2021-05-01,11142,49,250.105
Website,2021-05-01,11146,47,225.41
Website,2021-05-01,11144,23,211.405
E-commerce 1,2021-05-01,11112,11,192.445
E-commerce 2,2021-05-01,11135,15,187.425
E-commerce 2,2021-05-01,11127,12,157.44
Website,2021-05-01,11126,16,130.91
E-commerce 2,2021-05-01,11130,8,129.96
E-commerce 2,2021-05-01,11119,9,127.455
Retailer 2,2021-05-01,11124,18,121.5
E-commerce 2,2021-05-01,11124,6,74.97
E-commerce 2,2021-05-01,11125,5,49.975
E-commerce 2,2021-05-01,11133,5,49.975
Website,2021-05-01,11114,1,2.5
Wholesale,2021-05-01,11123,1,0
E-commerce 1,2021-04-01,11133,10719,106945.505549988
Website,2021-04-01,11113,3291,89440.0348500008
Website,2021-04-01,11127,5427,63722.2984000026
Website,2021-04-01,11137,2451,61318.8960000006
Retailer 1,2021-04-01,11127,8532,51735
Website,2021-04-01,11135,3951,43689.5541000021
Website,2021-04-01,11118,1156,33244.7249999997
E-commerce 1,2021-04-01,11127,3139,31374.3049999991
Website,2021-04-01,11130,2460,24213.4646999998
Website,2021-04-01,11124,1799,23673.0499000001
Website,2021-04-01,11119,2568,23613.6347499998
Retailer 1,2021-04-01,11123,1776,22200
Website,2021-04-01,11133,1975,14195.1360500002
Retailer 1,2021-04-01,11135,2808,14040
Website,2021-04-01,11125,1546,12143.9401
Wholesale,2021-04-01,11127,2743,12038.4
Website,2021-04-01,11120,3046,11442.5695500001
Website,2021-04-01,11136,1409,10548.7250000001
Website,2021-04-01,11132,1132,7939.36489999994
Website,2021-04-01,11129,322,6998.20494999998
Retailer 1,2021-04-01,11130,1242,6831
Retailer 1,2021-04-01,11133,624,4212
E-commerce 1,2021-04-01,11124,284,3548.57999999998
E-commerce 1,2021-04-01,11128,233,2538.91
Website,2021-04-01,11128,281,2319.14499999999
Website,2021-04-01,11112,121,1813.28
Retailer 2,2021-04-01,11123,125,1625
Retailer 1,2021-04-01,11128,288,1584
Retailer 1,2021-04-01,11124,252,1575
Website,2021-04-01,11123,85,1041
Retailer 2,2021-04-01,11127,149,819.5
Website,2021-04-01,11143,66,672.86
Website,2021-04-01,11145,125,573.069999999999
E-commerce 2,2021-04-01,11113,14,414.94
E-commerce 2,2021-04-01,11127,12,182.44
E-commerce 2,2021-04-01,11135,12,182.44
Retailer 2,2021-04-01,11124,26,175.5
Website,2021-04-01,11149,1253,149.28
Website,2021-04-01,11142,28,149.045
Website,2021-04-01,11139,817,134.765
Website,2021-04-01,11114,737,127.265
Website,2021-04-01,11144,13,109.435
Website,2021-04-01,11146,28,105.495
Website,2021-04-01,11126,10,89.455
E-commerce 2,2021-04-01,11130,4,77.48
E-commerce 2,2021-04-01,11119,5,74.975
E-commerce 2,2021-04-01,11125,3,54.985
E-commerce 1,2021-04-01,11112,2,34.99
E-commerce 2,2021-04-01,11133,1,9.995
Website,2021-04-01,11147,1,9.995
Wholesale,2021-04-01,11120,1,0
Website,2021-04-01,11121,2,0
Wholesale,2021-04-01,11121,2,0
Wholesale,2021-04-01,11123,1,0
Wholesale,2021-04-01,11125,1,0
Wholesale,2021-04-01,11137,1,0
Wholesale,2021-04-01,11136,2,0
Wholesale,2021-04-01,11130,6,0
Wholesale,2021-04-01,11132,3,0
Wholesale,2021-04-01,11135,18,0
Wholesale,2021-04-01,11128,6,0
E-commerce 1,2021-03-01,11133,12064,120369.665049982
Website,2021-03-01,11113,3477,94606.4300500001
Retailer 1,2021-03-01,11127,9282,64653.6
Website,2021-03-01,11127,5469,64117.9944000039
Retailer 1,2021-03-01,11135,8622,47115
Website,2021-03-01,11135,3995,45229.0597000023
Website,2021-03-01,11118,1130,33288.9499999997
E-commerce 1,2021-03-01,11127,3102,31004.4849999996
Retailer 1,2021-03-01,11123,2076,25693.62
Website,2021-03-01,11119,2498,23437.96465
Website,2021-03-01,11130,2292,22444.8449999999
Website,2021-03-01,11124,1507,20606.2448500002
Wholesale,2021-03-01,11127,3513,17768.495
Retailer 1,2021-03-01,11133,2208,14688
Wholesale,2021-03-01,11133,2008,12525
Website,2021-03-01,11133,1670,12369.9748500002
Website,2021-03-01,11125,1477,11586.565
Website,2021-03-01,11136,1356,10569.79495
Wholesale,2021-03-01,11135,2205,9617.25
Website,2021-03-01,11120,2076,8117.3845499999
Wholesale,2021-03-01,11119,1246,7623.745
Website,2021-03-01,11129,337,7517.335
Wholesale,2021-03-01,11130,1111,6521.25
Website,2021-03-01,11132,843,6288.23499999995
Wholesale,2021-03-01,11124,601,4128
Retailer 1,2021-03-01,11130,618,3306
E-commerce 1,2021-03-01,11124,237,2961.31499999998
E-commerce 1,2021-03-01,11128,254,2770.73999999998
Website,2021-03-01,11147,343,2621.85994999999
Retailer 1,2021-03-01,11124,348,2180.88
Retailer 2,2021-03-01,11123,152,1976
Website,2021-03-01,11112,123,1889.89
Website,2021-03-01,11128,169,1392.06495
Retailer 2,2021-03-01,11127,208,1144
Wholesale,2021-03-01,11125,245,1050
Wholesale,2021-03-01,11120,501,1031.25
Retailer 1,2021-03-01,11128,180,1013.76
E-commerce 2,2021-03-01,11113,15,504.945
Website,2021-03-01,11123,36,449.985
E-commerce 2,2021-03-01,11127,20,312.4
Website,2021-03-01,11114,906,288.14
Retailer 2,2021-03-01,11124,39,263.25
E-commerce 2,2021-03-01,11135,16,234.94
E-commerce 1,2021-03-01,11112,12,209.94
Website,2021-03-01,11149,545,133.125
Website,2021-03-01,11139,471,128.335
E-commerce 2,2021-03-01,11119,8,117.46
E-commerce 2,2021-03-01,11130,4,77.48
E-commerce 2,2021-03-01,11125,2,32.49
E-commerce 2,2021-03-01,11124,2,24.99
Wholesale,2021-03-01,11112,2,17.495
Wholesale,2021-03-01,11121,1,0
Wholesale,2021-03-01,11123,4,0
Wholesale,2021-03-01,11132,27,0
Wholesale,2021-03-01,11136,2,0
E-commerce 1,2021-02-01,11133,10576,105406.485399989
Website,2021-02-01,11113,2939,79852.8899500008
Website,2021-02-01,11127,4399,49389.5794000018
Website,2021-02-01,11135,3646,40642.7197999998
E-commerce 1,2021-02-01,11127,3387,33853.0649999992
Website,2021-02-01,11118,968,27454.8499999999
Retailer 1,2021-02-01,11127,5298,27341.4
Website,2021-02-01,11119,2317,22360.35495
Website,2021-02-01,11130,2070,21344.23485
Website,2021-02-01,11124,1261,17054.3749500004
Website,2021-02-01,11125,1472,11944.5200000001
Website,2021-02-01,11133,1594,11521.85505
Website,2021-02-01,11129,301,7119.59999999999
Website,2021-02-01,11120,1770,6961.91484999988
Website,2021-02-01,11136,855,6734.64999999994
Retailer 1,2021-02-01,11123,348,4348.26
Wholesale,2021-02-01,11127,755,3177.995
Retailer 2,2021-02-01,11123,244,3172
Website,2021-02-01,11147,408,3048.01499999999
Retailer 1,2021-02-01,11130,510,2550
E-commerce 1,2021-02-01,11124,173,2161.63499999999
E-commerce 1,2021-02-01,11128,169,1824.31014999999
Retailer 1,2021-02-01,11133,252,1701
Website,2021-02-01,11128,189,1614.16
Retailer 2,2021-02-01,11127,261,1423.5
Website,2021-02-01,11123,108,1350
Website,2021-02-01,11112,87,1339.265
Wholesale,2021-02-01,11135,186,814.495
Retailer 1,2021-02-01,11135,162,810
Retailer 1,2021-02-01,11124,108,701.46
Wholesale,2021-02-01,11124,127,648
Retailer 2,2021-02-01,11124,60,405
E-commerce 2,2021-02-01,11113,12,397.94
Retailer 1,2021-02-01,11128,60,359.7
E-commerce 2,2021-02-01,11127,18,292.505
E-commerce 2,2021-02-01,11135,17,207.46
Website,2021-02-01,11114,750,173.63
E-commerce 1,2021-02-01,11112,8,139.96
E-commerce 2,2021-02-01,11119,7,120.035
Website,2021-02-01,11149,405,104.075
Website,2021-02-01,11139,348,83.765
E-commerce 2,2021-02-01,11130,7,69.965
Website,2021-02-01,11121,89,48.625
E-commerce 2,2021-02-01,11125,3,42.485
E-commerce 2,2021-02-01,11124,3,37.485
E-commerce 2,2021-02-01,11133,1,9.995
Wholesale,2021-02-01,11147,1,0
Wholesale,2021-02-01,11136,12,0
Website,2021-02-01,11132,6,0
Wholesale,2021-02-01,11133,10,0
Wholesale,2021-02-01,11132,7,0
Wholesale,2021-02-01,11130,11,0
Wholesale,2021-02-01,11128,2,0
Wholesale,2021-02-01,11125,1,0
Wholesale,2021-02-01,11123,3,0
Wholesale,2021-02-01,11121,1,0
Wholesale,2021-02-01,11120,15,0
Wholesale,2021-02-01,11119,2,0
Wholesale,2021-02-01,11113,1,0
Wholesale,2021-02-01,11112,2,0
E-commerce 1,2021-01-01,11133,8945,89265.0451499965
Website,2021-01-01,11113,2749,75709.6699500003
Website,2021-01-01,11127,4035,46928.0648000015
Retailer 1,2021-01-01,11127,6660,41968.8
Website,2021-01-01,11135,3801,40751.9299000012
Website,2021-01-01,11118,1001,29257.4849999998
Website,2021-01-01,11119,2536,23472.6799999999
Website,2021-01-01,11130,1964,20394.5450000002
E-commerce 1,2021-01-01,11127,1900,18990.5000000006
Website,2021-01-01,11124,1381,18497.8550000001
Retailer 1,2021-01-01,11133,1626,10975.5
Website,2021-01-01,11133,1423,10235.5550499999
Website,2021-01-01,11125,1214,9457.16995000001
Retailer 1,2021-01-01,11135,1854,9270
Retailer 1,2021-01-01,11123,732,9146.34
Website,2021-01-01,11129,344,7730.52999999999
Website,2021-01-01,11120,2323,6018.09954999998
Wholesale,2021-01-01,11127,820,4905
Website,2021-01-01,11136,633,4031.985
Website,2021-01-01,11147,479,3866.09474999998
E-commerce 1,2021-01-01,11128,266,2891.68499999998
Retailer 2,2021-01-01,11123,224,2798.88
Retailer 1,2021-01-01,11124,312,2026.44
Retailer 1,2021-01-01,11130,378,1890
Wholesale,2021-01-01,11130,216,1836
Website,2021-01-01,11128,175,1469.11
Retailer 2,2021-01-01,11127,247,1235
Website,2021-01-01,11112,74,1098.455
E-commerce 1,2021-01-01,11124,67,824.665
Website,2021-01-01,11123,57,675
Retailer 2,2021-01-01,11124,100,675
E-commerce 2,2021-01-01,11113,21,557.43
Retailer 1,2021-01-01,11128,60,359.7
E-commerce 2,2021-01-01,11127,15,275.005
E-commerce 2,2021-01-01,11135,12,220
Website,2021-01-01,11121,300,173.395
Website,2021-01-01,11114,620,145.21
Website,2021-01-01,11139,391,112.01
E-commerce 2,2021-01-01,11130,6,84.97
E-commerce 2,2021-01-01,11119,4,77.5
Website,2021-01-01,11149,283,52.885
E-commerce 1,2021-01-01,11112,3,52.485
E-commerce 2,2021-01-01,11133,5,49.99
E-commerce 2,2021-01-01,11125,1,9.995
Wholesale,2021-01-01,11119,5,0
Wholesale,2021-01-01,11112,14,0
Wholesale,2021-01-01,11120,17,0
Wholesale,2021-01-01,11123,2,0
Website,2021-01-01,11132,4,0
Wholesale,2021-01-01,11132,5,0
Wholesale,2021-01-01,11133,3,0
Wholesale,2021-01-01,11135,1,0
Wholesale,2021-01-01,11136,6,0
E-commerce 1,2020-12-01,11133,9565,95481.7452499936
Website,2020-12-01,11113,2704,72898.0149500004
Website,2020-12-01,11135,4223,45853.4296000005
Website,2020-12-01,11127,4063,45810.9846500014
Retailer 1,2020-12-01,11127,7542,41840.82
Website,2020-12-01,11118,1049,30316.145
Website,2020-12-01,11119,2663,24793.7248
Website,2020-12-01,11130,2139,21940.97985
Website,2020-12-01,11124,1283,18103.2799000002
Wholesale,2020-12-01,11135,2800,16946.25
E-commerce 1,2020-12-01,11127,1387,13863.0650000004
Website,2020-12-01,11133,1735,12493.1899000002
Retailer 1,2020-12-01,11123,828,10345.86
Website,2020-12-01,11125,1220,9488.95495
Wholesale,2020-12-01,11119,1405,9204.75
Website,2020-12-01,11129,361,8405.72995
Retailer 1,2020-12-01,11135,1590,7950
Retailer 1,2020-12-01,11133,1026,6925.5
Wholesale,2020-12-01,11130,1517,6562.5
Retailer 1,2020-12-01,11124,480,3117.6
Website,2020-12-01,11147,359,3072.82999999999
E-commerce 1,2020-12-01,11128,269,2946.65999999998
Wholesale,2020-12-01,11124,402,2900
Retailer 1,2020-12-01,11130,366,1830
Wholesale,2020-12-01,11125,264,1821
Website,2020-12-01,11128,195,1665.72
Wholesale,2020-12-01,11127,385,1647.49
Website,2020-12-01,11112,115,1240.14
Retailer 2,2020-12-01,11127,219,1095
Website,2020-12-01,11123,51,615.995
E-commerce 1,2020-12-01,11124,37,462.315
Retailer 2,2020-12-01,11124,64,415.68
E-commerce 2,2020-12-01,11113,15,374.925
Retailer 1,2020-12-01,11128,60,359.7
Website,2020-12-01,11139,664,180.26
Website,2020-12-01,11121,382,167.525
E-commerce 2,2020-12-01,11127,8,142.46
E-commerce 2,2020-12-01,11135,8,117.755
E-commerce 2,2020-12-01,11130,6,110.855
E-commerce 2,2020-12-01,11119,5,74.975
Website,2020-12-01,11149,339,74.26
E-commerce 1,2020-12-01,11112,4,69.98
E-commerce 2,2020-12-01,11125,3,42.485
E-commerce 2,2020-12-01,11124,1,12.495
E-commerce 2,2020-12-01,11133,1,9.995
Wholesale,2020-12-01,11113,1,0
Wholesale,2020-12-01,11121,30,0
Wholesale,2020-12-01,11123,5,0
Wholesale,2020-12-01,11112,8,0
Wholesale,2020-12-01,11133,5,0
E-commerce 1,2020-11-01,11133,9939,99340.1200999918
Website,2020-11-01,11113,2413,64254.3649500006
Website,2020-11-01,11127,4358,47825.5048000012
Website,2020-11-01,11135,4243,45001.4346000004
Website,2020-11-01,11118,1157,31203.3349999998
Website,2020-11-01,11130,2123,21839.0549499998
Website,2020-11-01,11119,2642,21722.7847999999
Website,2020-11-01,11124,1231,17106.3750000002
Wholesale,2020-11-01,11133,2284,14250
E-commerce 1,2020-11-01,11127,1239,12376.8105000002
Website,2020-11-01,11133,1519,10711.47985
Website,2020-11-01,11129,430,9465.46
Website,2020-11-01,11125,1308,9180.93494999997
Website,2020-11-01,11147,457,3611.78489999998
Wholesale,2020-11-01,11128,409,2244
Website,2020-11-01,11112,188,2071.95
E-commerce 1,2020-11-01,11128,171,1880.14499999999
Website,2020-11-01,11128,210,1667.64
Wholesale,2020-11-01,11119,121,1080
Wholesale,2020-11-01,11135,252,1050
Website,2020-11-01,11123,66,825
Wholesale,2020-11-01,11127,197,754.99
Wholesale,2020-11-01,11130,157,630
E-commerce 2,2020-11-01,11113,17,490.025
E-commerce 1,2020-11-01,11124,37,462.215
E-commerce 2,2020-11-01,11127,19,340.74
Website,2020-11-01,11114,434,241.27
Website,2020-11-01,11139,412,186.26
E-commerce 2,2020-11-01,11135,12,170.265
Website,2020-11-01,11121,268,150.285
Website,2020-11-01,11149,285,119.245
E-commerce 1,2020-11-01,11112,5,87.475
E-commerce 2,2020-11-01,11130,6,84.97
E-commerce 2,2020-11-01,11125,5,75.185
E-commerce 2,2020-11-01,11119,4,39.98
E-commerce 2,2020-11-01,11133,3,29.985
Wholesale,2020-11-01,11123,9,0
Wholesale,2020-11-01,11125,1,0
Wholesale,2020-11-01,11124,5,0
Wholesale,2020-11-01,11112,11,0
Wholesale,2020-11-01,11147,1,0
Website,2020-10-01,11113,3747,94212.2147500009
E-commerce 1,2020-10-01,11133,8694,86895.2906499976
Website,2020-10-01,11135,5713,59977.5346000028
Website,2020-10-01,11127,5570,59296.4289000023
Website,2020-10-01,11118,1588,44032.8400000003
Website,2020-10-01,11119,3319,34067.6957499998
Website,2020-10-01,11124,2190,28436.8748499999
Website,2020-10-01,11130,2833,27854.209
Website,2020-10-01,11133,2452,17027.0846500003
Website,2020-10-01,11129,682,16105.82485
E-commerce 1,2020-10-01,11127,1399,14429.0050000004
Website,2020-10-01,11125,1876,13325.0101000001
Website,2020-10-01,11147,582,4240.19954999998
Website,2020-10-01,11112,182,2454.71999999999
E-commerce 1,2020-10-01,11128,220,2418.89999999999
Website,2020-10-01,11123,174,2175
Website,2020-10-01,11128,260,1929.65
E-commerce 2,2020-10-01,11113,17,522.43
E-commerce 1,2020-10-01,11124,38,465.8745
Website,2020-10-01,11114,1191,344.775
E-commerce 2,2020-10-01,11119,15,224.925
Website,2020-10-01,11139,716,197.02
Website,2020-10-01,11121,437,173.04
Website,2020-10-01,11149,555,140.035
E-commerce 2,2020-10-01,11135,11,109.945
E-commerce 2,2020-10-01,11127,5,87.475
E-commerce 2,2020-10-01,11125,5,74.975
E-commerce 1,2020-10-01,11112,3,52.485
E-commerce 2,2020-10-01,11130,2,32.49
E-commerce 2,2020-10-01,11133,3,29.985
Wholesale,2020-10-01,11128,3,0
Wholesale,2020-10-01,11130,35,0
Wholesale,2020-10-01,11135,59,0
Wholesale,2020-10-01,11147,1,0
Wholesale,2020-10-01,11133,54,0
Wholesale,2020-10-01,11112,1,0
Wholesale,2020-10-01,11119,19,0
Wholesale,2020-10-01,11121,24,0
Wholesale,2020-10-01,11123,16,0
Wholesale,2020-10-01,11124,11,0
Wholesale,2020-10-01,11125,8,0
Wholesale,2020-10-01,11127,119,0
E-commerce 1,2020-09-01,11133,8279,82748.2851499995
Website,2020-09-01,11113,2831,73674.3999000011
Website,2020-09-01,11127,4888,53394.3494500025
Website,2020-09-01,11135,3705,39947.7695500005
Wholesale,2020-09-01,11124,369,36000
Website,2020-09-01,11118,1220,34031.4399999998
Website,2020-09-01,11119,2577,22082.80245
Website,2020-09-01,11130,2073,21122.7652999999
Website,2020-09-01,11124,1521,20882.1075000001
Website,2020-09-01,11129,650,13921.2550000001
E-commerce 1,2020-09-01,11127,1077,11841.6150000001
Website,2020-09-01,11125,1248,8738.89499999998
Wholesale,2020-09-01,11133,1203,7500
Wholesale,2020-09-01,11127,1273,7040.99
Website,2020-09-01,11133,841,6142.54499999996
Wholesale,2020-09-01,11135,845,4689.0005
Wholesale,2020-09-01,11119,682,4050
Website,2020-09-01,11147,483,3700.62499999998
Website,2020-09-01,11128,313,2352.29999999999
Website,2020-09-01,11112,140,2195.47
Wholesale,2020-09-01,11147,62,1800
Wholesale,2020-09-01,11125,264,1710
E-commerce 1,2020-09-01,11128,118,1297.41
Wholesale,2020-09-01,11130,313,1260
Website,2020-09-01,11123,48,600
E-commerce 1,2020-09-01,11124,29,362.21
Website,2020-09-01,11114,798,323.315
E-commerce 2,2020-09-01,11113,9,289.965
E-commerce 2,2020-09-01,11135,12,194.94
Website,2020-09-01,11139,367,169.25
E-commerce 2,2020-09-01,11119,8,129.96
E-commerce 2,2020-09-01,11125,6,109.97
Website,2020-09-01,11121,226,106.77
Website,2020-09-01,11149,291,100.76995
E-commerce 2,2020-09-01,11127,7,82.465
E-commerce 1,2020-09-01,11112,4,69.98
E-commerce 2,2020-09-01,11130,3,54.985
E-commerce 2,2020-09-01,11124,3,37.485
Wholesale,2020-09-01,11113,6,4.5
Wholesale,2020-09-01,11114,3,0
Wholesale,2020-09-01,11112,1,0
Wholesale,2020-09-01,11149,3,0
Wholesale,2020-09-01,11121,1,0
Wholesale,2020-09-01,11123,4,0
Wholesale,2020-09-01,11128,3,0
Website,2020-08-01,11113,2923,75981.7149000016
E-commerce 1,2020-08-01,11133,7027,70234.2953000053
Website,2020-08-01,11127,4211,46286.0772500007
Website,2020-08-01,11135,3773,39723.3600000009
Website,2020-08-01,11118,1153,32674.3349999997
Website,2020-08-01,11130,2310,23703.7647499999
Website,2020-08-01,11119,2393,20971.2600000002
Retailer 1,2020-08-01,11127,3924,20944.98
Website,2020-08-01,11124,1405,19374.3098500001
Website,2020-08-01,11129,639,13821.70995
Website,2020-08-01,11133,1503,10858.2599
Website,2020-08-01,11125,1293,9539.93164999999
Retailer 1,2020-08-01,11123,576,7197.12
E-commerce 1,2020-08-01,11127,627,6847.68819999995
Retailer 1,2020-08-01,11133,648,4374
Website,2020-08-01,11112,241,3924.89499999999
Wholesale,2020-08-01,11127,782,3788
Website,2020-08-01,11147,444,3496.89489999998
Retailer 1,2020-08-01,11135,534,2670
Wholesale,2020-08-01,11135,543,2655
Wholesale,2020-08-01,11130,545,2655
Retailer 1,2020-08-01,11130,396,1980
E-commerce 1,2020-08-01,11128,174,1913.12999999999
Website,2020-08-01,11128,178,1473.105
Retailer 1,2020-08-01,11124,180,1169.1
Website,2020-08-01,11123,48,749.94
Wholesale,2020-08-01,11124,86,467.64
E-commerce 2,2020-08-01,11113,10,347.465
E-commerce 1,2020-08-01,11124,26,307.249
Website,2020-08-01,11114,663,237.52
E-commerce 2,2020-08-01,11127,10,162.45
E-commerce 2,2020-08-01,11135,13,154.935
Website,2020-08-01,11139,374,129.75
Website,2020-08-01,11121,214,119.765
Website,2020-08-01,11149,295,111.88
E-commerce 2,2020-08-01,11119,6,72.47
Retailer 1,2020-08-01,11128,12,71.94
E-commerce 2,2020-08-01,11125,5,49.975
E-commerce 2,2020-08-01,11124,3,37.485
E-commerce 2,2020-08-01,11133,3,29.985
E-commerce 2,2020-08-01,11130,1,22.495
Wholesale,2020-08-01,11123,2,12.495
Wholesale,2020-08-01,11133,7,8.995
Wholesale,2020-08-01,11121,83,2.5
Wholesale,2020-08-01,11128,2,0
Wholesale,2020-08-01,11149,5,0
Wholesale,2020-08-01,11147,5,0
Wholesale,2020-08-01,11139,3,0
Wholesale,2020-08-01,11129,4,0
Wholesale,2020-08-01,11125,5,0
Wholesale,2020-08-01,11119,8,0
Wholesale,2020-08-01,11118,7,0
Wholesale,2020-08-01,11114,1,0
Wholesale,2020-08-01,11113,6,0
Wholesale,2020-08-01,11112,6,0
Website,2020-07-01,11113,3807,95463.2495500012
E-commerce 1,2020-07-01,11133,6363,63597.525300007
Website,2020-07-01,11127,5657,60554.7837000029
Website,2020-07-01,11118,1880,51055.9599999998
Website,2020-07-01,11135,4960,49741.9942000025
Website,2020-07-01,11130,2811,26448.6543499997
Website,2020-07-01,11119,3345,25966.6394499999
Website,2020-07-01,11124,1708,21649.4796000001
Website,2020-07-01,11133,2235,14744.7345500002
Website,2020-07-01,11125,1930,13360.9000000001
Website,2020-07-01,11129,642,13300.2749
Retailer 1,2020-07-01,11127,972,6964.38
Retailer 1,2020-07-01,11123,552,6897.24
Retailer 1,2020-07-01,11133,990,6682.5
E-commerce 1,2020-07-01,11127,519,5683.31439999996
Website,2020-07-01,11147,430,2875.59484999999
E-commerce 1,2020-07-01,11128,209,2297.44499999999
Website,2020-07-01,11128,260,1742.5399
Wholesale,2020-07-01,11127,274,1243
Retailer 1,2020-07-01,11124,180,1169.1
Retailer 1,2020-07-01,11130,216,1080
Retailer 1,2020-07-01,11135,210,1050
Wholesale,2020-07-01,11123,68,624.75
Website,2020-07-01,11123,42,525
E-commerce 1,2020-07-01,11124,35,437.15
Wholesale,2020-07-01,11124,60,335.3745
Website,2020-07-01,11121,1039,228.14
Website,2020-07-01,11149,1078,151.3
Website,2020-07-01,11139,264,136.755
E-commerce 2,2020-07-01,11113,5,124.975
E-commerce 2,2020-07-01,11127,7,119.965
E-commerce 2,2020-07-01,11135,8,117.46
Retailer 1,2020-07-01,11128,12,71.94
E-commerce 2,2020-07-01,11119,4,52.48
Wholesale,2020-07-01,11118,3,21.24575
E-commerce 2,2020-07-01,11125,2,19.99
Wholesale,2020-07-01,11121,9,0
Wholesale,2020-07-01,11119,22,0
Wholesale,2020-07-01,11113,13,0
Wholesale,2020-07-01,11129,3,0
Wholesale,2020-07-01,11149,8,0
Wholesale,2020-07-01,11139,1,0
Wholesale,2020-07-01,11135,25,0
Wholesale,2020-07-01,11133,3,0
Wholesale,2020-07-01,11130,13,0
Wholesale,2020-07-01,11128,4,0
Wholesale,2020-07-01,11125,12,0
Website,2020-06-01,11113,2719,71723.8900000009
E-commerce 1,2020-06-01,11133,5863,58599.4551500057
Website,2020-06-01,11127,4518,51528.8543000022
Website,2020-06-01,11135,4283,45983.0051500021
Website,2020-06-01,11118,1237,34926.5349999998
Website,2020-06-01,11130,2091,22422.9147999999
Website,2020-06-01,11119,2266,19020.2073000002
Website,2020-06-01,11124,1371,18766.7845500001
Website,2020-06-01,11125,1436,11141.94
Website,2020-06-01,11133,1502,11031.8405
Website,2020-06-01,,274,5587.885
Website,2020-06-01,11129,233,5111.20999999999
Website,2020-06-01,11147,528,3981.47244999998
E-commerce 1,2020-06-01,11128,288,3166.11499999998
Website,2020-06-01,11128,208,1672.095
E-commerce 1,2020-06-01,11124,75,902.003
E-commerce 1,2020-06-01,11127,48,527.76
Website,2020-06-01,11123,42,525
Website,2020-06-01,11121,609,166.9
Website,2020-06-01,11149,393,66.645
Website,2020-06-01,11114,148,57.25
E-commerce 2,2020-06-01,11127,1,9.995
Wholesale,2020-06-01,11118,1,0
E-commerce 1,2020-05-01,11133,6942,69380.2901500057
Website,2020-05-01,11113,2474,64797.3849000007
Website,2020-05-01,11127,4837,56740.7243000017
Website,2020-05-01,11135,4083,45817.9943000009
Website,2020-05-01,11118,894,25641.8849999999
Website,2020-05-01,11130,2085,22777.21985
Website,2020-05-01,11124,1344,17711.5298000003
Website,2020-05-01,11119,1861,16312.9999000004
Website,2020-05-01,11125,1173,9260.02485000001
Website,2020-05-01,11133,1110,8577.85504999996
Website,2020-05-01,,313,6273.62
Website,2020-05-01,11147,472,3879.76499999998
E-commerce 1,2020-05-01,11128,316,3474.41999999998
E-commerce 1,2020-05-01,11124,150,1874.24999999999
Website,2020-05-01,11128,128,1095.43995
Website,2020-05-01,11114,735,182.755
Website,2020-05-01,11129,11,177.31
Website,2020-05-01,11121,258,114.01
Website,2020-05-01,11139,335,86.5
Website,2020-04-01,11113,2673,68019.0498500009
E-commerce 1,2020-04-01,11133,5170,51669.7301500039
Website,2020-04-01,11127,4558,50557.0646500017
Website,2020-04-01,11135,3927,41368.8500500004
Website,2020-04-01,11118,1016,27278.0849999999
Website,2020-04-01,11130,1969,20331.4349500001
Website,2020-04-01,11124,1662,19794.8796500003
Website,2020-04-01,11119,1453,10603.37995
Website,2020-04-01,11125,1186,8391.87499999997
Website,2020-04-01,11133,1151,7929.91489999996
Website,2020-04-01,11147,552,4088.08494999998
Website,2020-04-01,,141,2572.615
E-commerce 1,2020-04-01,11124,181,2261.59499999999
E-commerce 1,2020-04-01,11128,186,2045.06999999999
Website,2020-04-01,11128,98,745.55
Website,2020-04-01,11114,575,159.255
Website,2020-04-01,11121,229,109.82
Website,2020-04-01,11139,343,94
Website,2020-04-01,11129,2,34.2
Website,2020-03-01,11113,2564,66241.4099000014
Website,2020-03-01,11127,4548,52118.9396000027
E-commerce 1,2020-03-01,11133,4469,44665.650150002
Website,2020-03-01,11135,3325,36636.7347500003
Website,2020-03-01,11130,1956,20974.7048
Website,2020-03-01,11124,1648,19588.2695500002
Website,2020-03-01,11118,668,18052.4700000001
Website,2020-03-01,11119,1345,11019.38
Website,2020-03-01,11125,1090,8934.99494999999
Website,2020-03-01,11133,1064,7970.40994999995
Website,2020-03-01,11147,478,3839.85494999998
Website,2020-03-01,,133,2490.045
E-commerce 1,2020-03-01,11124,278,2489.59499999999
Website,2020-03-01,11128,136,1031.34
E-commerce 1,2020-03-01,11128,64,703.68
Website,2020-03-01,11114,441,141.25
Website,2020-03-01,11121,264,138.395
Website,2020-03-01,11129,5,78.31
Website,2020-03-01,11139,366,58.005
Website,2020-02-01,11113,1944,50165.6800000006
Website,2020-02-01,11127,3474,38502.3100000008
Website,2020-02-01,11135,2993,31966.1249500003
Website,2020-02-01,11130,1820,19128.5300000001
Website,2020-02-01,11124,1316,15647.1198000002
Website,2020-02-01,11118,498,13121.735
Website,2020-02-01,11119,1141,10178.39995
Website,2020-02-01,11125,903,7298.59504999998
Website,2020-02-01,11133,909,6927.09499999998
E-commerce 1,2020-02-01,11133,616,6156.91999999994
Website,2020-02-01,11147,324,2553.775
Website,2020-02-01,,62,1312.025
Website,2020-02-01,11128,147,1079.89
Website,2020-02-01,11129,28,543.6
E-commerce 1,2020-02-01,11128,20,217.6999
Website,2020-02-01,11121,320,197.27
Website,2020-02-01,11150,2,172
Website,2020-02-01,11139,415,141.745
Website,2020-02-01,11123,5,61.875
E-commerce 1,2020-02-01,11124,2,24.99
Website,2020-01-01,11113,568,13021.7651999999
Website,2020-01-01,11127,928,9884.69129999996
Website,2020-01-01,11135,860,9175.80069999998
Website,2020-01-01,11118,241,6316.23999999997
Website,2020-01-01,11124,517,5300.91474999999
Website,2020-01-01,11130,482,4559.42505
Website,2020-01-01,11119,392,2898.2849
Website,2020-01-01,11125,309,2305.205
Website,2020-01-01,11133,355,2195.28005
Website,2020-01-01,11129,38,778.525
Website,2020-01-01,11147,117,702
Website,2020-01-01,11128,45,299.67
Website,2020-01-01,11123,8,99
Website,2020-01-01,11139,251,40.005
Website,2020-01-01,11114,210,40.005
Website,2020-01-01,11121,120,21.87
