year,date,sku,product_title,qty_tot,sum_net_sales
2020,2020-11-01,6666,Thyroid Complex,13745,124331.584949986
2020,2020-12-01,6666,Thyroid Complex,12332,114910.430150011
2020,2020-12-01,3333,Fruits and Greens 30 capsules,11386,68641.9346499998
2020,2020-10-01,6666,Thyroid Complex,11203,103952.360299998
2020,2020-09-01,6666,Thyroid Complex,10323,96390.8301499995
2020,2020-07-01,6666,Thyroid Complex,9591,85024.7598500053
2020,2020-08-01,6666,Thyroid Complex,9188,85505.5352000018
2020,2020-05-01,6666,Thyroid Complex,8052,77958.1452000039
2020,2020-08-01,3333,Fruits and Greens 30 capsules,7911,49284.9031000004
2020,2020-06-01,6666,Thyroid Complex,7365,69631.2956500056
2020,2020-04-01,6666,Thyroid Complex,6321,59599.6450500038
2020,2020-12-01,8888,Bronchial Wellness Herbal Blend 30 capsules,6116,35174.9396000004
2020,2020-03-01,6666,Thyroid Complex,5533,52636.0601000025
2020,2020-09-01,3333,Fruits and Greens 30 capsules,5189,38521.3696499999
2020,2020-10-01,3333,Fruits and Greens 30 capsules,4805,36404.1647500006
2020,2020-07-01,3333,Fruits and Greens 30 capsules,4719,32080.9738500003
2020,2020-11-01,3333,Fruits and Greens 30 capsules,4266,33179.2102999998
2020,2020-08-01,8888,Bronchial Wellness Herbal Blend 30 capsules,3648,23093.5050000001
2020,2020-10-01,8888,Bronchial Wellness Herbal Blend 30 capsules,3590,24503.1808499999
2020,2020-07-01,1133,Vitamin D3 1000mg,3376,74491.5845500001
2020,2020-10-01,1133,Vitamin D3 1000mg,3306,72643.4648500002
2020,2020-07-01,8888,Bronchial Wellness Herbal Blend 30 capsules,3274,20591.2394000001
2020,2020-12-01,9999,Turmeric Joint 30 capsules,3224,16517.45485
2020,2020-11-01,8888,Bronchial Wellness Herbal Blend 30 capsules,3194,21817.5746000003
2020,2020-03-01,3333,Fruits and Greens 30 capsules,3143,25102.2846
2020,2020-05-01,3333,Fruits and Greens 30 capsules,3133,24464.8294500001
2020,2020-04-01,3333,Fruits and Greens 30 capsules,3125,24033.7547999996
2020,2020-09-01,8888,Bronchial Wellness Herbal Blend 30 capsules,2976,18306.0803500002
2020,2020-06-01,3333,Fruits and Greens 30 capsules,2818,20275.2797000001
2020,2020-06-01,8888,Bronchial Wellness Herbal Blend 30 capsules,2816,19752.9148500001
2020,2020-04-01,8888,Bronchial Wellness Herbal Blend 30 capsules,2780,20743.0601500002
2020,2020-05-01,8888,Bronchial Wellness Herbal Blend 30 capsules,2738,20608.9644000001
2020,2020-07-01,5555,Fruits and Greens 60 capsules,2710,42484.4692500001
2020,2020-08-01,1133,Vitamin D3 1000mg,2678,62647.9498999998
2020,2020-09-01,1133,Vitamin D3 1000mg,2549,58378.7248999997
2020,2020-12-01,1010,Prenatal DHA 60 capsules,2507,13445.5948999999
2020,2020-12-01,1113,Bronchial Wellness Herbal Blend 60 capsules,2505,35692.4950000002
2020,2020-08-01,9999,Turmeric Joint 30 capsules,2432,13993.1498499999
2020,2020-06-01,1133,Vitamin D3 1000mg,2431,56473.5549499998
2020,2020-02-01,3333,Fruits and Greens 30 capsules,2430,18710.0299999999
2020,2020-04-01,1133,Vitamin D3 1000mg,2419,55104.4298500009
2020,2020-03-01,1133,Vitamin D3 1000mg,2342,54422.1749000003
2020,2020-03-01,8888,Bronchial Wellness Herbal Blend 30 capsules,2339,17715.8697999999
2020,2020-10-01,5555,Fruits and Greens 60 capsules,2288,37408.7441499999
2020,2020-09-01,1010,Prenatal DHA 60 capsules,2236,11569.4499999999
2020,2020-05-01,1133,Vitamin D3 1000mg,2235,51935.3449000008
2020,2020-12-01,5555,Fruits and Greens 60 capsules,2218,35757.8850000001
2020,2020-10-01,1113,Bronchial Wellness Herbal Blend 60 capsules,2193,35584.2987499998
2020,2020-11-01,1133,Vitamin D3 1000mg,2155,50065.3849999998
2020,2020-07-01,1010,Prenatal DHA 60 capsules,2154,10491.5149999999
2020,2020-02-01,8888,Bronchial Wellness Herbal Blend 30 capsules,2112,15860.4199
2020,2020-09-01,5555,Fruits and Greens 60 capsules,2056,33838.0497999999
2020,2020-11-01,1010,Prenatal DHA 60 capsules,2017,11386.3348000001
2020,2020-07-01,1113,Bronchial Wellness Herbal Blend 60 capsules,1929,30318.2148000002
2020,2020-07-01,9999,Turmeric Joint 30 capsules,1894,10103.1396
2020,2020-02-01,1133,Vitamin D3 1000mg,1766,40789.895
2020,2020-06-01,5555,Fruits and Greens 60 capsules,1749,31791.3295999997
2020,2020-05-01,5555,Fruits and Greens 60 capsules,1704,32275.8948500002
2020,2020-12-01,1133,Vitamin D3 1000mg,1701,39901.8649500001
2020,2020-10-01,1010,Prenatal DHA 60 capsules,1690,8886.33119999998
2020,2020-08-01,1010,Prenatal DHA 60 capsules,1686,9605.39489999994
2020,2020-10-01,1114,Prenatal DHA 180 capsules,1663,25406.2895499999
2020,2020-10-01,9999,Turmeric Joint 30 capsules,1659,9247.23974999994
2020,2020-08-01,5555,Fruits and Greens 60 capsules,1643,28744.2923500002
2020,2020-09-01,9999,Turmeric Joint 30 capsules,1627,8947.41014999994
2020,2020-09-01,1113,Bronchial Wellness Herbal Blend 60 capsules,1586,26525.6297000002
2020,2020-06-01,1010,Prenatal DHA 60 capsules,1567,8282.24489999995
2020,2020-12-01,1114,Prenatal DHA 180 capsules,1566,20627.8549
2020,2020-11-01,5555,Fruits and Greens 60 capsules,1547,28118.835
2020,2020-02-01,6666,Thyroid Complex,1525,13084.0149999999
2020,2020-12-01,1120,Glucosamine Chondroitin 60 capsules,1521,13352.33495
2020,2020-11-01,9999,Turmeric Joint 30 capsules,1491,8574.21999999996
2020,2020-06-01,1113,Bronchial Wellness Herbal Blend 60 capsules,1467,26230.0903000002
2020,2020-04-01,5555,Fruits and Greens 60 capsules,1433,26523.30985
2020,2020-07-01,1139,Vitamin D3 Plus K2 60 capsules,1433,30362.5707500002
2020,2020-03-01,5555,Fruits and Greens 60 capsules,1405,27016.655
2020,2020-10-01,1120,Glucosamine Chondroitin 60 capsules,1358,14334.7544500002
2020,2020-05-01,1113,Bronchial Wellness Herbal Blend 60 capsules,1345,25209.0298999999
2020,2020-07-01,1122,Vitamin B12 60 capsules,1342,6019.40999999997
2020,2020-07-01,1120,Glucosamine Chondroitin 60 capsules,1331,12986.0491999999
2020,2020-03-01,9999,Turmeric Joint 30 capsules,1317,9058.19984999996
2020,2020-05-01,9999,Turmeric Joint 30 capsules,1316,8674.41479999995
2020,2020-11-01,1113,Bronchial Wellness Herbal Blend 60 capsules,1313,24404.1249999999
2020,2020-05-01,1010,Prenatal DHA 60 capsules,1304,7646.83494999995
2020,2020-10-01,1122,Vitamin B12 60 capsules,1304,5923.69499999996
2020,2020-02-01,9999,Turmeric Joint 30 capsules,1283,9190.98
2020,2020-06-01,9999,Turmeric Joint 30 capsules,1265,7656.53489999995
2020,2020-04-01,9999,Turmeric Joint 30 capsules,1243,7979.28999999995
2020,2020-08-01,1120,Glucosamine Chondroitin 60 capsules,1219,12557.4189499999
2020,2020-07-01,1114,Prenatal DHA 180 capsules,1217,15527.60445
2020,2020-08-01,1113,Bronchial Wellness Herbal Blend 60 capsules,1215,22109.7900000001
2020,2020-10-01,1119,Turmeric Joint 180 capsules,1211,18639.4592500001
2020,2020-10-01,1152,Amino Acid Complete,1191,344.775
2020,2020-10-01,1139,Vitamin D3 Plus K2 60 capsules,1168,24310.37
2020,2020-04-01,1113,Bronchial Wellness Herbal Blend 60 capsules,1147,20625.7899
2020,2020-07-01,1119,Turmeric Joint 180 capsules,1146,17425.51475
2020,2020-09-01,1120,Glucosamine Chondroitin 60 capsules,1119,18328.2624999999
2020,2020-07-01,1149,Ultimate Fat Burner,1086,151.3
2020,2020-09-01,1122,Vitamin B12 60 capsules,1073,4988.18499999998
2020,2020-07-01,1129,Zinc Sinus Nose Spray,1048,228.14
2020,2020-02-01,5555,Fruits and Greens 60 capsules,1044,19792.28
2020,2020-04-01,1010,Prenatal DHA 60 capsules,1037,4885.27994999999
2020,2020-09-01,1114,Prenatal DHA 180 capsules,1031,14693.31245
2020,2020-11-01,1122,Vitamin B12 60 capsules,1019,4791.49994999998
2020,2020-06-01,1139,Vitamin D3 Plus K2 60 capsules,1012,23151.5850000001
2020,2020-11-01,1139,Vitamin D3 Plus K2 60 capsules,1008,23265.2600000001
2020,2020-06-01,1122,Vitamin B12 60 capsules,1007,4971.11999999998
2020,2020-09-01,1139,Vitamin D3 Plus K2 60 capsules,1004,22832.2700000001
2020,2020-03-01,1010,Prenatal DHA 60 capsules,992,5420.48999999999
2020,2020-03-01,1113,Bronchial Wellness Herbal Blend 60 capsules,986,18920.86495
2020,2020-12-01,1122,Vitamin B12 60 capsules,970,4619.56999999998
2020,2020-08-01,1122,Vitamin B12 60 capsules,964,4513.81664999998
2020,2020-08-01,1139,Vitamin D3 Plus K2 60 capsules,956,21934.6050000001
2020,2020-06-01,1120,Glucosamine Chondroitin 60 capsules,918,10323.6229499999
2020,2020-04-01,1122,Vitamin B12 60 capsules,893,4187.40499999998
2020,2020-02-01,1113,Bronchial Wellness Herbal Blend 60 capsules,881,16105.70505
2020,2020-10-01,1123,Glucosamine Chondroitin 180 capsules,880,14558.0999000001
2020,2020-05-01,1122,Vitamin B12 60 capsules,871,4701.34989999997
2020,2020-03-01,1120,Glucosamine Chondroitin 60 capsules,869,9151.42994999997
2020,2020-12-01,1139,Vitamin D3 Plus K2 60 capsules,853,19865.05
2020,2020-04-01,1120,Glucosamine Chondroitin 60 capsules,841,9476.86489999996
2020,2020-04-01,1139,Vitamin D3 Plus K2 60 capsules,837,18418.6000000001
2020,2020-06-01,1119,Turmeric Joint 180 capsules,826,14766.3799
2020,2020-03-01,1122,Vitamin B12 60 capsules,821,4508.15494999999
2020,2020-08-01,1119,Turmeric Joint 180 capsules,820,14368.1099
2020,2020-05-01,1120,Glucosamine Chondroitin 60 capsules,814,9365.14995000003
2020,2020-02-01,1010,Prenatal DHA 60 capsules,813,4672.90995
2020,2020-12-01,1119,Turmeric Joint 180 capsules,804,13926.88
2020,2020-09-01,1152,Amino Acid Complete,801,323.315
2020,2020-11-01,1120,Glucosamine Chondroitin 60 capsules,800,8989.74499999995
2020,2020-11-01,1119,Turmeric Joint 180 capsules,795,13979.80495
2020,2020-09-01,1123,Glucosamine Chondroitin 180 capsules,791,38834.795
2020,2020-11-01,1112,Fruits and Greens 180 capsules,790,5791.78499999999
2020,2020-03-01,1148,Glucosamine MSM,769,7738.03469999999
2020,2020-05-01,1119,Turmeric Joint 180 capsules,769,14102.8050500001
2020,2020-09-01,1119,Turmeric Joint 180 capsules,762,13490.34015
2020,2020-11-01,1114,Prenatal DHA 180 capsules,750,11456.43
2020,2020-12-01,1123,Glucosamine Chondroitin 180 capsules,743,11629.34995
2020,2020-05-01,1152,Amino Acid Complete,735,182.755
2020,2020-04-01,1119,Turmeric Joint 180 capsules,726,12352.14495
2020,2020-05-01,1139,Vitamin D3 Plus K2 60 capsules,722,16555.3100000001
2020,2020-08-01,1114,Prenatal DHA 180 capsules,721,11438.3351
2020,2020-10-01,1166,Vitamin Tablet Organizer,716,197.02
2020,2020-02-01,1122,Vitamin B12 60 capsules,706,4003.75505
2020,2020-06-01,1114,Prenatal DHA 180 capsules,699,10737.9624
2020,2020-12-01,1146,Vitamin D3 Pro 1000mg,698,16356.78
2020,2020-04-01,1148,Glucosamine MSM,682,6894.8298
2020,2020-08-01,1152,Amino Acid Complete,664,237.52
2020,2020-12-01,1166,Vitamin Tablet Organizer,664,180.26
2020,2020-07-01,1116-B,Digestive Support 60 capsules,662,8046.99
2020,2020-07-01,1123,Glucosamine Chondroitin 180 capsules,641,10565.4649
2020,2020-03-01,1119,Turmeric Joint 180 capsules,639,11916.50495
2020,2020-08-01,1116-B,Digestive Support 60 capsules,626,7959.555
2020,2020-02-01,1148,Glucosamine MSM,614,6228.96984999999
2020,2020-06-01,1129,Zinc Sinus Nose Spray,609,166.9
2020,2020-07-01,1126,Vitamin B12 180 capsules,602,7361.47999999998
2020,2020-10-01,1126,Vitamin B12 180 capsules,585,7476.29009999998
2020,2020-10-01,1130,Fish Oil,583,4240.19954999998
2020,2020-03-01,1139,Vitamin D3 Plus K2 60 capsules,577,13289.905
2020,2020-04-01,1152,Amino Acid Complete,575,159.255
2020,2020-05-01,1114,Prenatal DHA 180 capsules,557,8666.16494999999
2020,2020-10-01,1149,Ultimate Fat Burner,555,140.035
2020,2020-04-01,1130,Fish Oil,552,4088.08494999998
2020,2020-09-01,1130,Fish Oil,545,5500.62499999999
2020,2020-02-01,1119,Turmeric Joint 180 capsules,537,9937.55
2020,2020-06-01,1130,Fish Oil,528,3981.47244999998
2020,2020-12-01,1112,Fruits and Greens 180 capsules,524,4972.07999999997
2020,2020-12-01,1126,Vitamin B12 180 capsules,517,6732.86994999999
2020,2020-06-01,1112,Fruits and Greens 180 capsules,496,4838.20999999996
2020,2020-06-01,1123,Glucosamine Chondroitin 180 capsules,490,8972.20984999997
2020,2020-07-01,1112,Fruits and Greens 180 capsules,485,4111.92489999999
2020,2020-08-01,1151,Prenatal Pro 60 capsules,485,8074.55495
2020,2020-10-01,1112,Fruits and Greens 180 capsules,483,4348.54999999998
2020,2020-09-01,1151,Prenatal Pro 60 capsules,481,7917.06000000001
2020,2020-03-01,1130,Fish Oil,478,3839.85494999999
2020,2020-01-01,1133,Vitamin D3 1000mg,473,8904.67020000002
2020,2020-12-01,1116-B,Digestive Support 60 capsules,473,5863.895
2020,2020-05-01,1130,Fish Oil,472,3879.76499999998
2020,2020-11-01,1123,Glucosamine Chondroitin 180 capsules,470,8559.05499999997
2020,2020-02-01,1120,Glucosamine Chondroitin 60 capsules,470,5203.38999999999
2020,2020-01-01,5555,Fruits and Greens 60 capsules,468,7095.26560000001
2020,2020-08-01,1123,Glucosamine Chondroitin 180 capsules,466,8649.92989999998
2020,2020-10-01,1129,Zinc Sinus Nose Spray,461,173.04
2020,2020-01-01,3333,Fruits and Greens 30 capsules,460,2789.4257
2020,2020-10-01,1140,Vitamin D3 5000mg,458,22091.1799
2020,2020-11-01,1130,Fish Oil,458,3611.78489999999
2020,2020-07-01,1151,Prenatal Pro 60 capsules,455,7147.535
2020,2020-07-01,1150,Vitamin D3 Plus K2 180 capsules,450,20714.635
2020,2020-07-01,1140,Vitamin D3 5000mg,449,21096.64
2020,2020-08-01,1130,Fish Oil,449,3496.89489999999
2020,2020-09-01,1126,Vitamin B12 180 capsules,445,5570.67999999999
2020,2020-05-01,1112,Fruits and Greens 180 capsules,444,4569.85994999997
2020,2020-03-01,1152,Amino Acid Complete,441,141.25
2020,2020-02-01,1139,Vitamin D3 Plus K2 60 capsules,436,9888.645
2020,2020-01-01,1113,Bronchial Wellness Herbal Blend 60 capsules,435,6534.17545000001
2020,2020-11-01,1152,Amino Acid Complete,434,241.27
2020,2020-09-01,1112,Fruits and Greens 180 capsules,434,3649.70999999999
2020,2020-07-01,1130,Fish Oil,430,2875.59484999999
2020,2020-06-01,1126,Vitamin B12 180 capsules,429,6170.81999999999
2020,2020-01-01,8888,Bronchial Wellness Herbal Blend 30 capsules,425,2641.62525
2020,2020-05-01,1123,Glucosamine Chondroitin 180 capsules,422,7697.24494999997
2020,2020-10-01,1150,Vitamin D3 Plus K2 180 capsules,420,19722.47
2020,2020-04-01,1114,Prenatal DHA 180 capsules,416,5718.09999999999
2020,2020-02-01,1166,Vitamin Tablet Organizer,415,141.745
2020,2020-12-01,1129,Zinc Sinus Nose Spray,412,167.525
2020,2020-11-01,1166,Vitamin Tablet Organizer,412,186.26
2020,2020-12-01,7777,Digestive Support Bundle,411,5097.96
2020,2020-06-01,1149,Ultimate Fat Burner,393,66.645
2020,2020-10-01,1151,Prenatal Pro 60 capsules,378,5745.12500000001
2020,2020-08-01,1166,Vitamin Tablet Organizer,377,129.75
2020,2020-09-01,1166,Vitamin Tablet Organizer,367,169.25
2020,2020-08-01,1112,Fruits and Greens 180 capsules,366,3458.17499999999
2020,2020-03-01,1166,Vitamin Tablet Organizer,366,58.005
2020,2020-12-01,1130,Fish Oil,359,3072.82999999999
2020,2020-01-01,6666,Thyroid Complex,355,2195.28005
2020,2020-03-01,1114,Prenatal DHA 180 capsules,353,5598.88999999999
2020,2020-04-01,1166,Vitamin Tablet Organizer,343,94
2020,2020-12-01,1149,Ultimate Fat Burner,339,74.26
2020,2020-08-01,1126,Vitamin B12 180 capsules,339,5076.08999999999
2020,2020-05-01,1166,Vitamin Tablet Organizer,335,86.5
2020,2020-02-01,1114,Prenatal DHA 180 capsules,328,5505.49
2020,2020-02-01,1130,Fish Oil,324,2553.775
2020,2020-04-01,1123,Glucosamine Chondroitin 180 capsules,320,5684.77994999998
2020,2020-02-01,1129,Zinc Sinus Nose Spray,320,197.27
2020,2020-11-01,1151,Prenatal Pro 60 capsules,312,5251.79
2020,2020-10-01,1158,Prenatal Pro 180 capsules,304,10360.69985
2020,2020-05-01,1126,Vitamin B12 180 capsules,302,4558.67494999999
2020,2020-08-01,1149,Ultimate Fat Burner,300,111.88
2020,2020-09-01,1140,Vitamin D3 5000mg,297,15590.14
2020,2020-08-01,1129,Zinc Sinus Nose Spray,297,122.265
2020,2020-11-01,1126,Vitamin B12 180 capsules,295,4464.61999999999
2020,2020-09-01,1149,Ultimate Fat Burner,294,100.76995
2020,2020-04-01,1126,Vitamin B12 180 capsules,293,4204.46999999999
2020,2020-06-01,1140,Vitamin D3 5000mg,288,15250.33505
2020,2020-03-01,1123,Glucosamine Chondroitin 180 capsules,288,5188.39989999999
2020,2020-11-01,1149,Ultimate Fat Burner,285,119.245
2020,2020-04-01,1112,Fruits and Greens 180 capsules,284,2790.61999999999
2020,2020-11-01,1140,Vitamin D3 5000mg,275,14679.00495
2020,2020-03-01,1126,Vitamin B12 180 capsules,269,4426.84
2020,2020-11-01,1129,Zinc Sinus Nose Spray,268,150.285
2020,2020-07-01,1166,Vitamin Tablet Organizer,265,136.755
2020,2020-03-01,1129,Zinc Sinus Nose Spray,264,138.395
2020,2020-08-01,1140,Vitamin D3 5000mg,261,13681.23
2020,2020-05-01,1129,Zinc Sinus Nose Spray,258,114.01
2020,2020-05-01,1148,Glucosamine MSM,258,2523.38489999999
2020,2020-04-01,1140,Vitamin D3 5000mg,254,12914.62
2020,2020-01-01,1119,Turmeric Joint 180 capsules,252,3413.96495
2020,2020-01-01,1166,Vitamin Tablet Organizer,251,40.005
2020,2020-12-01,1151,Prenatal Pro 60 capsules,243,4023.07
2020,2020-05-01,1140,Vitamin D3 5000mg,239,12862.04
2020,2020-02-01,1123,Glucosamine Chondroitin 180 capsules,234,4239.74995
2020,2020-01-01,1148,Glucosamine MSM,233,1936.58485
2020,2020-01-01,9999,Turmeric Joint 30 capsules,230,1145.4601
2020,2020-04-01,1129,Zinc Sinus Nose Spray,229,109.82
2020,2020-09-01,1129,Zinc Sinus Nose Spray,227,106.77
2020,2020-06-01,1150,Vitamin D3 Plus K2 180 capsules,226,11774.95
2020,2020-01-01,1010,Prenatal DHA 60 capsules,222,884.225
2020,2020-03-01,1140,Vitamin D3 5000mg,222,11819.235
2020,2020-09-01,1150,Vitamin D3 Plus K2 180 capsules,216,11199.17
2020,2020-01-01,1152,Amino Acid Complete,210,40.005
2020,2020-08-01,1150,Vitamin D3 Plus K2 180 capsules,204,10739.73
2020,2020-03-01,1112,Fruits and Greens 180 capsules,200,1735.02
2020,2020-02-01,1126,Vitamin B12 180 capsules,197,3294.84
2020,2020-05-01,1164,,197,3242.72
2020,2020-12-01,1150,Vitamin D3 Plus K2 180 capsules,196,10451.095
2020,2020-10-01,1116-B,Digestive Support 60 capsules,190,2175
2020,2020-07-01,1158,Prenatal Pro 180 capsules,190,6152.7399
2020,2020-01-01,1122,Vitamin B12 60 capsules,187,737.685
2020,2020-12-01,1140,Vitamin D3 5000mg,184,9822.355
2020,2020-04-01,1150,Vitamin D3 Plus K2 180 capsules,179,8859.485
2020,2020-02-01,1140,Vitamin D3 5000mg,178,9375.785
2020,2020-06-01,1151,Prenatal Pro 60 capsules,173,2889.025
2020,2020-05-01,1150,Vitamin D3 Plus K2 180 capsules,172,9086.575
2020,2020-01-01,1114,Prenatal DHA 180 capsules,170,2014.0599
2020,2020-09-01,1158,Prenatal Pro 180 capsules,169,6004.195
2020,2020-01-01,1139,Vitamin D3 Plus K2 60 capsules,168,3124.945
2020,2020-02-01,1112,Fruits and Greens 180 capsules,167,1297.5899
2020,2020-01-01,1120,Glucosamine Chondroitin 60 capsules,161,1526.54495
2020,2020-06-01,1164,,158,2641.765
2020,2020-08-01,1158,Prenatal Pro 180 capsules,158,5747.15499999999
2020,2020-11-01,1150,Vitamin D3 Plus K2 180 capsules,149,7938.075
2020,2020-06-01,1152,Amino Acid Complete,148,57.25
2020,2020-08-01,1136,Pro DHA Memory 30 capsules,143,2255.9
2020,2020-12-01,1160,Vitamin D3 Pro 5000mg,137,7191.94
2020,2020-01-01,1123,Glucosamine Chondroitin 180 capsules,123,1837.78495
2020,2020-01-01,1126,Vitamin B12 180 capsules,122,1567.52
2020,2020-01-01,1129,Zinc Sinus Nose Spray,120,21.87
2020,2020-12-01,1158,Prenatal Pro 180 capsules,118,4382.65995
2020,2020-11-01,1158,Prenatal Pro 180 capsules,118,4213.67
2020,2020-01-01,1130,Fish Oil,117,702
2020,2020-10-01,1136,Pro DHA Memory 30 capsules,117,1641.995
2020,2020-11-01,1136,Pro DHA Memory 30 capsules,97,1100.615
2020,2020-01-01,1140,Vitamin D3 5000mg,95,4117.095
2020,2020-03-01,1150,Vitamin D3 Plus K2 180 capsules,91,4762.565
2020,2020-09-01,1136,Pro DHA Memory 30 capsules,88,1356.02
2020,2020-04-01,1164,,79,1314.22
2020,2020-11-01,1116-B,Digestive Support 60 capsules,75,825
2020,2020-03-01,1164,,74,1242.905
2020,2020-01-01,1150,Vitamin D3 Plus K2 180 capsules,73,3191.295
2020,2020-05-01,1165,,66,2381.4
2020,2020-02-01,1150,Vitamin D3 Plus K2 180 capsules,62,3233.09
2020,2020-06-01,1158,Prenatal Pro 180 capsules,60,2222.185
2020,2020-11-01,1134,Pro DHA Memory 180 capsules,56,571.39
2020,2020-08-01,1135,Pro DHA Memory 60 capsules,52,826.395
2020,2020-08-01,1134,Pro DHA Memory 180 capsules,52,842.6
2020,2020-09-01,1116-B,Digestive Support 60 capsules,52,600
2020,2020-11-01,1135,Pro DHA Memory 60 capsules,51,487.42
2020,2020-05-01,1147,,50,649.5
2020,2020-12-01,1136,Pro DHA Memory 30 capsules,46,638.285
2020,2020-12-01,1134,Pro DHA Memory 180 capsules,45,328.045
2020,2020-01-01,1112,Fruits and Greens 180 capsules,45,299.67
2020,2020-02-01,1164,,44,739.805
2020,2020-06-01,1165,,44,1597.465
2020,2020-10-01,1135,Pro DHA Memory 60 capsules,43,553.78
2020,2020-06-01,1177,,42,973.655
2020,2020-04-01,1147,,42,525
2020,2020-06-01,7777,Digestive Support Bundle,42,525
2020,2020-03-01,1147,,38,474
2020,2020-06-01,1148,Glucosamine MSM,38,372.95475
2020,2020-12-01,1135,Pro DHA Memory 60 capsules,36,343.79
2020,2020-09-01,1135,Pro DHA Memory 60 capsules,34,556.885
2020,2020-06-01,1147,,30,375
2020,2020-10-01,1134,Pro DHA Memory 180 capsules,26,311.43
2020,2020-02-01,1151,Prenatal Pro 60 capsules,24,400.505
2020,2020-09-01,1134,Pro DHA Memory 180 capsules,23,352.545
2020,2020-01-01,1151,Prenatal Pro 60 capsules,22,301.51
2020,2020-03-01,1165,,21,773.14
2020,2020-04-01,1165,,20,733.395
2020,2020-01-01,1158,Prenatal Pro 180 capsules,16,477.015
2020,2020-08-01,1148,Glucosamine MSM,15,148.435
2020,2020-02-01,1165,,14,522.72
2020,2020-09-01,1148,Glucosamine MSM,12,118.745
2020,2020-07-01,1148,Glucosamine MSM,11,39.59
2020,2020-05-01,1151,Prenatal Pro 60 capsules,11,177.31
2020,2020-01-01,7777,Digestive Support Bundle,8,99
2020,2020-03-01,1151,Prenatal Pro 60 capsules,5,78.31
2020,2020-02-01,7777,Digestive Support Bundle,5,61.875
2020,2020-02-01,1158,Prenatal Pro 180 capsules,4,143.095
2020,2020-02-01,1147,,4,49.5
2020,2020-11-01,1148,Glucosamine MSM,3,19.79
2020,2020-12-01,1148,Glucosamine MSM,3,29.685
2020,2020-04-01,1151,Prenatal Pro 60 capsules,2,34.2
2020,2020-02-01,1169,Ultimate Fat Burner Pro,2,172
2020,2020-10-01,1148,Glucosamine MSM,1,9.895
2021,2021-09-01,6666,Thyroid Complex,21434,190681.68995002
2021,2021-10-01,6666,Thyroid Complex,21278,190716.959900018
2021,2021-08-01,6666,Thyroid Complex,20782,190847.470599989
2021,2021-12-01,6666,Thyroid Complex,20689,188402.099950009
2021,2021-11-01,6666,Thyroid Complex,20439,188878.334949971
2021,2021-07-01,6666,Thyroid Complex,18486,157199.600349985
2021,2021-03-01,6666,Thyroid Complex,17950,159952.639900012
2021,2021-05-01,6666,Thyroid Complex,16491,157753.965750012
2021,2021-09-01,1111-R,Bronchial Wellness Herbal Blend Retail,15858,87186
2021,2021-06-01,6666,Thyroid Complex,14822,138842.230349999
2021,2021-12-01,3333,Fruits and Greens 30 capsules,14280,121093.37970001
2021,2021-11-01,3333,Fruits and Greens 30 capsules,13488,116477.949850005
2021,2021-04-01,6666,Thyroid Complex,13319,125362.636600003
2021,2021-09-01,2222-R,Fruits and Greens Retail,12990,71412
2021,2021-02-01,6666,Thyroid Complex,12433,118639.335450004
2021,2021-01-01,6666,Thyroid Complex,12002,110526.090200007
2021,2021-11-01,1111-R,Bronchial Wellness Herbal Blend Retail,10722,58971
2021,2021-11-01,2222-R,Fruits and Greens Retail,9870,54285
2021,2021-03-01,3333,Fruits and Greens 30 capsules,9765,72155.5896499991
2021,2021-04-01,3333,Fruits and Greens 30 capsules,9222,67935.4540499988
2021,2021-05-01,3333,Fruits and Greens 30 capsules,8456,69649.4598499995
2021,2021-03-01,1111-R,Bronchial Wellness Herbal Blend Retail,8322,45615
2021,2021-12-01,1111-R,Bronchial Wellness Herbal Blend Retail,8316,45738
2021,2021-07-01,1111-R,Bronchial Wellness Herbal Blend Retail,8310,41550
2021,2021-10-01,3333,Fruits and Greens 30 capsules,8174,74078.0498499992
2021,2021-06-01,3333,Fruits and Greens 30 capsules,7986,58609.9649
2021,2021-05-01,1111-R,Bronchial Wellness Herbal Blend Retail,7752,38760
2021,2021-08-01,2222-R,Fruits and Greens Retail,7542,41481
2021,2021-02-01,3333,Fruits and Greens 30 capsules,7380,61236.2596999996
2021,2021-07-01,2222-R,Fruits and Greens Retail,7230,36150
2021,2021-04-01,2222-R,Fruits and Greens Retail,7080,35400
2021,2021-08-01,1111-R,Bronchial Wellness Herbal Blend Retail,6822,37521
2021,2021-09-01,3333,Fruits and Greens 30 capsules,6643,49523.9097000009
2021,2021-07-01,3333,Fruits and Greens 30 capsules,6391,51874.0343500013
2021,2021-03-01,2222-R,Fruits and Greens Retail,6378,31890
2021,2021-01-01,3333,Fruits and Greens 30 capsules,6330,46603.6699000008
2021,2021-06-01,1111-R,Bronchial Wellness Herbal Blend Retail,6257,31260
2021,2021-06-01,2222-R,Fruits and Greens Retail,6173,30840
2021,2021-05-01,2222-R,Fruits and Greens Retail,6096,30480
2021,2021-08-01,3333,Fruits and Greens 30 capsules,5985,53392.0849499997
2021,2021-12-01,2222-R,Fruits and Greens Retail,5586,30723
2021,2021-03-01,5555,Fruits and Greens 60 capsules,5451,74955.3847500001
2021,2021-02-01,2222-R,Fruits and Greens Retail,5166,25830
2021,2021-03-01,8888,Bronchial Wellness Herbal Blend 30 capsules,5033,29449.2849000001
2021,2021-11-01,1124,Elderberry Gels 30 qty,4945,130994.490000001
2021,2021-01-01,8888,Bronchial Wellness Herbal Blend 30 capsules,4286,26036.6499999999
2021,2021-10-01,1124,Elderberry Gels 30 qty,4231,114903.979999998
2021,2021-10-01,2222-R,Fruits and Greens Retail,4188,23034
2021,2021-07-01,9999,Turmeric Joint 30 capsules,4159,15293.4251000002
2021,2021-01-01,2222-R,Fruits and Greens Retail,4104,20520
2021,2021-12-01,1010,Prenatal DHA 60 capsules,3867,24729.4701000003
2021,2021-05-01,8888,Bronchial Wellness Herbal Blend 30 capsules,3749,23702.6599999999
2021,2021-04-01,5555,Fruits and Greens 60 capsules,3700,56536.4893500001
2021,2021-09-01,9999,Turmeric Joint 30 capsules,3626,15049.35
2021,2021-04-01,8888,Bronchial Wellness Herbal Blend 30 capsules,3617,22714.1045500003
2021,2021-05-01,1124,Elderberry Gels 30 qty,3599,96452.1948500011
2021,2021-09-01,1010,Prenatal DHA 60 capsules,3387,17177.7254999999
2021,2021-11-01,4444,Co Q10 180 capsules,3383,15.45
2021,2021-09-01,5555,Fruits and Greens 60 capsules,3301,43975.1896500003
2021,2021-01-01,5555,Fruits and Greens 60 capsules,3243,47178.6998999997
2021,2021-10-01,1010,Prenatal DHA 60 capsules,3191,24998.7549500001
2021,2021-11-01,8888,Bronchial Wellness Herbal Blend 30 capsules,3140,18976.1149
2021,2021-09-01,1115,Hair/Skin/Nails Ultra 60 capsules,3124,14192.15375
2021,2021-10-01,5555,Fruits and Greens 60 capsules,3027,45622.9847000002
2021,2021-07-01,5555,Fruits and Greens 60 capsules,2962,45317.5138000002
2021,2021-06-01,9999,Turmeric Joint 30 capsules,2962,16713.0699499999
2021,2021-11-01,1010,Prenatal DHA 60 capsules,2946,22231.3548999999
2021,2021-09-01,8888,Bronchial Wellness Herbal Blend 30 capsules,2925,12954.2348499999
2021,2021-10-01,1115,Hair/Skin/Nails Ultra 60 capsules,2881,11248.82515
2021,2021-03-01,9999,Turmeric Joint 30 capsules,2876,15861.9999999999
2021,2021-12-01,9999,Turmeric Joint 30 capsules,2824,10971.0449999999
2021,2021-12-01,8888,Bronchial Wellness Herbal Blend 30 capsules,2813,9973.97490000006
2021,2021-07-01,1115,Hair/Skin/Nails Ultra 60 capsules,2784,13578.9588999999
2021,2021-04-01,9999,Turmeric Joint 30 capsules,2738,15664.7947499999
2021,2021-06-01,5555,Fruits and Greens 60 capsules,2709,43255.8849000003
2021,2021-11-01,5555,Fruits and Greens 60 capsules,2698,42034.9748000004
2021,2021-10-01,1111-R,Bronchial Wellness Herbal Blend Retail,2676,14718
2021,2021-02-01,8888,Bronchial Wellness Herbal Blend 30 capsules,2655,18305.4849
2021,2021-10-01,1155,Hair/Skin/Nails Ultra 180 capsules,2558,555.285000000001
2021,2021-05-01,1010,Prenatal DHA 60 capsules,2511,14091.7799500001
2021,2021-08-01,9999,Turmeric Joint 30 capsules,2492,14597.47
2021,2021-05-01,5555,Fruits and Greens 60 capsules,2488,41225.0147000003
2021,2021-04-01,1124,Elderberry Gels 30 qty,2452,61318.8959999999
2021,2021-03-01,1010,Prenatal DHA 60 capsules,2413,12815.8946999999
2021,2021-07-01,8888,Bronchial Wellness Herbal Blend 30 capsules,2363,12895.1547000002
2021,2021-03-01,1133,Vitamin D3 1000mg,2344,54957.5150500002
2021,2021-09-01,1132,Fruits and Greens Ecommerce,2312,23108.4399999998
2021,2021-03-01,7777,Digestive Support Bundle,2268,28119.605
2021,2021-08-01,1010,Prenatal DHA 60 capsules,2224,16119.9649999999
2021,2021-07-01,1133,Vitamin D3 1000mg,2215,50354.27485
2021,2021-12-01,5555,Fruits and Greens 60 capsules,2192,34236.1098499999
2021,2021-05-01,1133,Vitamin D3 1000mg,2179,51131.8599999998
2021,2021-04-01,1133,Vitamin D3 1000mg,2157,48928.67995
2021,2021-11-01,9999,Turmeric Joint 30 capsules,2156,12850.44965
2021,2021-06-01,1115,Hair/Skin/Nails Ultra 60 capsules,2140,10854.1169499999
2021,2021-05-01,1115,Hair/Skin/Nails Ultra 60 capsules,2124,10034.8148500001
2021,2021-06-01,8888,Bronchial Wellness Herbal Blend 30 capsules,2123,14297.9949499999
2021,2021-10-01,1133,Vitamin D3 1000mg,2114,48581.7799500007
2021,2021-12-01,1124,Elderberry Gels 30 qty,2092,50905.5549999999
2021,2021-12-01,1115,Hair/Skin/Nails Ultra 60 capsules,2025,8823.44949999996
2021,2021-07-01,1010,Prenatal DHA 60 capsules,2003,9427.75494999994
2021,2021-09-01,1113,Bronchial Wellness Herbal Blend 60 capsules,1993,26542.3397
2021,2021-04-01,7777,Digestive Support Bundle,1987,24866
2021,2021-06-01,1124,Elderberry Gels 30 qty,1979,54094.5998499998
2021,2021-05-01,9999,Turmeric Joint 30 capsules,1969,11256.8798499999
2021,2021-10-01,8888,Bronchial Wellness Herbal Blend 30 capsules,1963,13713.7947999999
2021,2021-03-01,1120,Glucosamine Chondroitin 60 capsules,1948,18057.3698999999
2021,2021-08-01,5555,Fruits and Greens 60 capsules,1868,33232.7498500001
2021,2021-06-01,1133,Vitamin D3 1000mg,1859,43650.45
2021,2021-08-01,1115,Hair/Skin/Nails Ultra 60 capsules,1856,9427.32549999994
2021,2021-09-01,1133,Vitamin D3 1000mg,1849,42300.775
2021,2021-05-01,1113,Bronchial Wellness Herbal Blend 60 capsules,1799,29445.2598999997
2021,2021-02-01,9999,Turmeric Joint 30 capsules,1791,10534.9149499999
2021,2021-10-01,9999,Turmeric Joint 30 capsules,1771,10497.6050499999
2021,2021-02-01,1133,Vitamin D3 1000mg,1759,41445.5699500003
2021,2021-11-01,1117,Allereze Nasal Spray 2oz,1747,10909.99
2021,2021-11-01,1133,Vitamin D3 1000mg,1737,40709.2251000003
2021,2021-04-01,1115,Hair/Skin/Nails Ultra 60 capsules,1728,8468.44464999998
2021,2021-09-01,1121,Hair/Skin/Nails Ultra 30 capsules,1728,3948.24904999993
2021,2021-11-01,1115,Hair/Skin/Nails Ultra 60 capsules,1704,8595.41459999996
2021,2021-04-01,1120,Glucosamine Chondroitin 60 capsules,1683,17425.06995
2021,2021-09-01,1137,Phosphatidylserine,1672,6230.98499999992
2021,2021-06-01,7777,Digestive Support Bundle,1672,20718.995
2021,2021-10-01,1132,Fruits and Greens Ecommerce,1660,16591.6999999999
2021,2021-01-01,1010,Prenatal DHA 60 capsules,1651,9385.14494999994
2021,2021-12-01,1137,Phosphatidylserine,1649,5754.55014999993
2021,2021-04-01,1111-R,Bronchial Wellness Herbal Blend Retail,1644,8220
2021,2021-08-01,8888,Bronchial Wellness Herbal Blend 30 capsules,1632,11488.3499999999
2021,2021-11-01,7777,Digestive Support Bundle,1611,20867
2021,2021-12-01,1113,Bronchial Wellness Herbal Blend 60 capsules,1610,26033.7299500002
2021,2021-08-01,1133,Vitamin D3 1000mg,1598,37388.9399500002
2021,2021-04-01,1010,Prenatal DHA 60 capsules,1595,8813.71484999994
2021,2021-09-01,1114,Prenatal DHA 180 capsules,1594,15293.12975
2021,2021-09-01,1117,Allereze Nasal Spray 2oz,1592,10340.57
2021,2021-07-01,1113,Bronchial Wellness Herbal Blend 60 capsules,1589,27919.7791000003
2021,2021-01-01,1133,Vitamin D3 1000mg,1585,37372.44
2021,2021-09-01,7777,Digestive Support Bundle,1572,19341
2021,2021-02-01,5555,Fruits and Greens 60 capsules,1572,28411.7847000003
2021,2021-01-01,9999,Turmeric Joint 30 capsules,1572,8872.35999999994
2021,2021-05-01,1149,Ultimate Fat Burner,1544,263.78
2021,2021-04-01,1113,Bronchial Wellness Herbal Blend 60 capsules,1528,26977.8895500002
2021,2021-10-01,1168,Elderberry Gels 180 qty,1524,47887.9350000002
2021,2021-05-01,1121,Hair/Skin/Nails Ultra 30 capsules,1522,3162.25974999997
2021,2021-12-01,1133,Vitamin D3 1000mg,1506,35454.9798000002
2021,2021-10-01,1121,Hair/Skin/Nails Ultra 30 capsules,1499,2715.03479999993
2021,2021-02-01,1010,Prenatal DHA 60 capsules,1487,8752.95994999998
2021,2021-10-01,1113,Bronchial Wellness Herbal Blend 60 capsules,1484,24405.7899000002
2021,2021-03-01,1113,Bronchial Wellness Herbal Blend 60 capsules,1483,27131.9648000003
2021,2021-11-01,1155,Hair/Skin/Nails Ultra 180 capsules,1482,292.06
2021,2021-11-01,1113,Bronchial Wellness Herbal Blend 60 capsules,1477,25614.7999
2021,2021-10-01,1120,Glucosamine Chondroitin 60 capsules,1470,13236.8999999999
2021,2021-03-01,1115,Hair/Skin/Nails Ultra 60 capsules,1405,6659.06984999996
2021,2021-01-01,1113,Bronchial Wellness Herbal Blend 60 capsules,1382,24205.2799000002
2021,2021-12-01,1114,Prenatal DHA 180 capsules,1379,16351.105
2021,2021-01-01,1120,Glucosamine Chondroitin 60 capsules,1378,13241.1149999999
2021,2021-07-01,1152,Amino Acid Complete,1365,235.93
2021,2021-09-01,1119,Turmeric Joint 180 capsules,1362,16287.61975
2021,2021-12-01,1117,Allereze Nasal Spray 2oz,1362,8826.27994999997
2021,2021-06-01,1113,Bronchial Wellness Herbal Blend 60 capsules,1361,24467.72495
2021,2021-07-01,7777,Digestive Support Bundle,1357,16950
2021,2021-02-01,1113,Bronchial Wellness Herbal Blend 60 capsules,1356,24169.1898999999
2021,2021-06-01,1137,Phosphatidylserine,1341,1978.94575
2021,2021-03-01,1114,Prenatal DHA 180 capsules,1339,18363.27495
2021,2021-09-01,4444,Co Q10 180 capsules,1331,20
2021,2021-09-01,1122,Vitamin B12 60 capsules,1328,6387.65499999996
2021,2021-06-01,1010,Prenatal DHA 60 capsules,1325,7551.04999999996
2021,2021-04-01,1121,Hair/Skin/Nails Ultra 30 capsules,1319,2974.12489999997
2021,2021-05-01,1120,Glucosamine Chondroitin 60 capsules,1303,13993.7750000002
2021,2021-01-01,1121,Hair/Skin/Nails Ultra 30 capsules,1299,1644.09955
2021,2021-03-01,1122,Vitamin B12 60 capsules,1297,6591.29499999997
2021,2021-10-01,1114,Prenatal DHA 180 capsules,1296,15745.8799
2021,2021-06-01,1120,Glucosamine Chondroitin 60 capsules,1282,13003.7599999999
2021,2021-11-01,1122,Vitamin B12 60 capsules,1274,8382.08974999995
2021,2021-05-01,1119,Turmeric Joint 180 capsules,1256,18811.2000000002
2021,2021-04-01,1149,Ultimate Fat Burner,1253,149.28
2021,2021-10-01,1117,Allereze Nasal Spray 2oz,1248,7385.92499999999
2021,2021-07-01,1121,Hair/Skin/Nails Ultra 30 capsules,1245,2750.73444999994
2021,2021-07-01,1114,Prenatal DHA 180 capsules,1241,13684.91465
2021,2021-11-01,1118,Co Q10 30 capsules,1236,7129.55994999998
2021,2021-07-01,1120,Glucosamine Chondroitin 60 capsules,1225,12017.5349000001
2021,2021-05-01,1137,Phosphatidylserine,1224,1723.455
2021,2021-02-01,1120,Glucosamine Chondroitin 60 capsules,1215,12163.75
2021,2021-07-01,1117,Allereze Nasal Spray 2oz,1189,7922.94
2021,2021-08-01,1113,Bronchial Wellness Herbal Blend 60 capsules,1183,21431.0500000001
2021,2021-11-01,1120,Glucosamine Chondroitin 60 capsules,1173,12026.4049499999
2021,2021-03-01,1121,Hair/Skin/Nails Ultra 30 capsules,1172,2489.56469999999
2021,2021-11-01,1121,Hair/Skin/Nails Ultra 30 capsules,1161,2395.06955
2021,2021-06-01,1121,Hair/Skin/Nails Ultra 30 capsules,1156,2666.25054999998
2021,2021-09-01,1120,Glucosamine Chondroitin 60 capsules,1154,11068.6699499999
2021,2021-03-01,1119,Turmeric Joint 180 capsules,1149,16487.575
2021,2021-10-01,1122,Vitamin B12 60 capsules,1139,7185.53999999996
2021,2021-05-01,1122,Vitamin B12 60 capsules,1121,6019.97499999997
2021,2021-12-01,1120,Glucosamine Chondroitin 60 capsules,1120,10267.0349499999
2021,2021-12-01,1112,Fruits and Greens 180 capsules,1097,4661.01999999999
2021,2021-08-01,1121,Hair/Skin/Nails Ultra 30 capsules,1080,2452.01979999999
2021,2021-12-01,1121,Hair/Skin/Nails Ultra 30 capsules,1075,2263.23989999999
2021,2021-07-01,1122,Vitamin B12 60 capsules,1072,4328.53494999997
2021,2021-04-01,1117,Allereze Nasal Spray 2oz,1063,6891.67499999994
2021,2021-03-01,1117,Allereze Nasal Spray 2oz,1055,7149.90499999993
2021,2021-01-01,1115,Hair/Skin/Nails Ultra 60 capsules,1041,4373.99999999999
2021,2021-04-01,1122,Vitamin B12 60 capsules,1041,5289.37999999997
2021,2021-05-01,1114,Prenatal DHA 180 capsules,1041,15558.6499000001
2021,2021-07-01,1137,Phosphatidylserine,1033,1884.4248
2021,2021-02-01,1122,Vitamin B12 60 capsules,1028,5542.45999999996
2021,2021-07-01,1119,Turmeric Joint 180 capsules,1021,16670.9748500002
2021,2021-01-01,7777,Digestive Support Bundle,1015,12620.22
2021,2021-02-01,1115,Hair/Skin/Nails Ultra 60 capsules,1015,5165.19994999995
2021,2021-08-01,1120,Glucosamine Chondroitin 60 capsules,1014,10379.62
2021,2021-12-01,1122,Vitamin B12 60 capsules,1007,6405.56999999996
2021,2021-05-01,7777,Digestive Support Bundle,998,12487.995
2021,2021-01-01,1119,Turmeric Joint 180 capsules,992,15333.155
2021,2021-11-01,1114,Prenatal DHA 180 capsules,991,15687.845
2021,2021-09-01,1118,Co Q10 30 capsules,984,5752.22494999998
2021,2021-04-01,1114,Prenatal DHA 180 capsules,978,14874.8949
2021,2021-04-01,1119,Turmeric Joint 180 capsules,974,15457.1499500001
2021,2021-05-01,1118,Co Q10 30 capsules,969,5634.61999999995
2021,2021-12-01,1119,Turmeric Joint 180 capsules,967,15946.71005
2021,2021-08-01,1122,Vitamin B12 60 capsules,962,5784.23499999998
2021,2021-10-01,1127,Allereze Nasal Spray 4oz,954,9300.55000000001
2021,2021-12-01,7777,Digestive Support Bundle,935,12092
2021,2021-07-01,1130,Fish Oil,927,7012.29484999996
2021,2021-10-01,1118,Co Q10 30 capsules,927,5471.76499999998
2021,2021-10-01,1119,Turmeric Joint 180 capsules,922,15497.8448
2021,2021-12-01,1170,Vitamin B12 30 capsules,913,279.895
2021,2021-03-01,1152,Amino Acid Complete,906,288.14
2021,2021-03-01,1139,Vitamin D3 Plus K2 60 capsules,902,21061.5000000001
2021,2021-06-01,1122,Vitamin B12 60 capsules,901,4786.68999999998
2021,2021-01-01,1114,Prenatal DHA 180 capsules,894,14165.03505
2021,2021-04-01,1139,Vitamin D3 Plus K2 60 capsules,875,19321.525
2021,2021-08-01,1117,Allereze Nasal Spray 2oz,863,5981.48999999998
2021,2021-10-01,1163,Elderberry Gels 60 qty,862,27203.82
2021,2021-01-01,1122,Vitamin B12 60 capsules,850,4263.19999999998
2021,2021-08-01,1119,Turmeric Joint 180 capsules,849,14742.89995
2021,2021-11-01,1137,Phosphatidylserine,841,3201.7599
2021,2021-02-01,1114,Prenatal DHA 180 capsules,839,13727.4300000001
2021,2021-12-01,1118,Co Q10 30 capsules,831,4987.68999999999
2021,2021-02-01,1146,Vitamin D3 Pro 1000mg,825,19304.595
2021,2021-06-01,1119,Turmeric Joint 180 capsules,824,14517.25
2021,2021-04-01,1118,Co Q10 30 capsules,820,4991.20494999996
2021,2021-11-01,1119,Turmeric Joint 180 capsules,819,13884.82
2021,2021-04-01,1166,Vitamin Tablet Organizer,817,134.765
2021,2021-01-01,1146,Vitamin D3 Pro 1000mg,816,19139.6500000001
2021,2021-10-01,1131,Brain Boost,816,745.985
2021,2021-07-01,1118,Co Q10 30 capsules,810,4816.18999999999
2021,2021-04-01,1112,Fruits and Greens 180 capsules,808,6442.05499999997
2021,2021-02-01,1119,Turmeric Joint 180 capsules,807,13429.2849000001
2021,2021-10-01,4444,Co Q10 180 capsules,800,0
2021,2021-01-01,1139,Vitamin D3 Plus K2 60 capsules,798,18477.0450000001
2021,2021-07-01,1139,Vitamin D3 Plus K2 60 capsules,795,17610.235
2021,2021-05-01,1139,Vitamin D3 Plus K2 60 capsules,795,18361.015
2021,2021-02-01,1139,Vitamin D3 Plus K2 60 capsules,795,18296.2550000001
2021,2021-10-01,7777,Digestive Support Bundle,789,10157
2021,2021-09-01,1139,Vitamin D3 Plus K2 60 capsules,789,17612.65
2021,2021-03-01,1123,Glucosamine Chondroitin 180 capsules,786,12107.30995
2021,2021-10-01,1139,Vitamin D3 Plus K2 60 capsules,778,17659.0150000001
2021,2021-06-01,1117,Allereze Nasal Spray 2oz,778,5787.60499999997
2021,2021-06-01,1114,Prenatal DHA 180 capsules,773,12653.9349
2021,2021-02-01,1121,Hair/Skin/Nails Ultra 30 capsules,770,1796.71489999997
2021,2021-08-01,1138,Probiotic 1500,765,382.535
2021,2021-08-01,7777,Digestive Support Bundle,755,9747
2021,2021-02-01,1152,Amino Acid Complete,750,173.63
2021,2021-09-01,1138,Probiotic 1500,749,428.785
2021,2021-08-01,1114,Prenatal DHA 180 capsules,741,11885.57
2021,2021-04-01,1152,Amino Acid Complete,737,127.265
2021,2021-08-01,1137,Phosphatidylserine,732,1933.97
2021,2021-11-01,1152,Amino Acid Complete,723,141.885
2021,2021-11-01,1139,Vitamin D3 Plus K2 60 capsules,722,16765.75
2021,2021-06-01,1118,Co Q10 30 capsules,707,4714.63489999997
2021,2021-02-01,7777,Digestive Support Bundle,703,8870.26
2021,2021-12-01,1139,Vitamin D3 Plus K2 60 capsules,700,16136.995
2021,2021-03-01,1146,Vitamin D3 Pro 1000mg,698,16160.2450000001
2021,2021-06-01,1139,Vitamin D3 Plus K2 60 capsules,696,16039.055
2021,2021-05-01,1127,Allereze Nasal Spray 4oz,689,7813.77499999996
2021,2021-02-01,1117,Allereze Nasal Spray 2oz,685,4659.53999999995
2021,2021-04-01,1123,Glucosamine Chondroitin 180 capsules,674,11507.47495
2021,2021-08-01,1139,Vitamin D3 Plus K2 60 capsules,674,15712.27
2021,2021-06-01,1149,Ultimate Fat Burner,674,124.625
2021,2021-03-01,1118,Co Q10 30 capsules,665,4155.72999999998
2021,2021-09-01,1127,Allereze Nasal Spray 4oz,650,5811.22999999997
2021,2021-11-01,1131,Brain Boost,640,1120.78495
2021,2021-09-01,1123,Glucosamine Chondroitin 180 capsules,637,10022.21995
2021,2021-01-01,1152,Amino Acid Complete,620,145.21
2021,2021-05-01,1146,Vitamin D3 Pro 1000mg,619,14316.48
2021,2021-10-01,1146,Vitamin D3 Pro 1000mg,612,13669.6100000001
2021,2021-07-01,1126,Vitamin B12 180 capsules,612,6576.69989999998
2021,2021-04-01,1146,Vitamin D3 Pro 1000mg,610,13598.435
2021,2021-03-01,1112,Fruits and Greens 180 capsules,603,5176.56494999998
2021,2021-12-01,1138,Probiotic 1500,600,518.31
2021,2021-08-01,1118,Co Q10 30 capsules,587,4019.95999999998
2021,2021-10-01,1123,Glucosamine Chondroitin 180 capsules,585,10274.6701
2021,2021-05-01,1123,Glucosamine Chondroitin 180 capsules,581,10225.7749
2021,2021-12-01,1144,DHEA,580,2844.30469999999
2021,2021-12-01,1123,Glucosamine Chondroitin 180 capsules,577,7508.63999999998
2021,2021-08-01,1152,Amino Acid Complete,573,144.765
2021,2021-09-01,1152,Amino Acid Complete,559,88.255
2021,2021-11-01,1144,DHEA,558,2759.0699
2021,2021-10-01,1162,Liquid Magnesium,556,97.015
2021,2021-07-01,1127,Allereze Nasal Spray 4oz,554,5198.96499999998
2021,2021-10-01,1144,DHEA,551,2701.50495
2021,2021-09-01,1155,Hair/Skin/Nails Ultra 180 capsules,547,66.365
2021,2021-03-01,1149,Ultimate Fat Burner,545,133.125
2021,2021-07-01,1123,Glucosamine Chondroitin 180 capsules,542,9414.43985000001
2021,2021-07-01,1146,Vitamin D3 Pro 1000mg,535,12006.0749
2021,2021-12-01,1126,Vitamin B12 180 capsules,531,5524.40994999998
2021,2021-12-01,1145,Zinc Tablets 50 mg 60 count,531,5264.97484999998
2021,2021-05-01,1126,Vitamin B12 180 capsules,530,7285.23999999998
2021,2021-11-01,1123,Glucosamine Chondroitin 180 capsules,526,9355.26999999997
2021,2021-09-01,1146,Vitamin D3 Pro 1000mg,521,11892.185
2021,2021-04-01,1126,Vitamin B12 180 capsules,509,6909.54509999998
2021,2021-11-01,1127,Allereze Nasal Spray 4oz,507,5601.35994999998
2021,2021-06-01,1152,Amino Acid Complete,504,102.76
2021,2021-10-01,1161,Evening Primrose Oil 2oz,504,2855.26074999998
2021,2021-02-01,1123,Glucosamine Chondroitin 180 capsules,503,8690.27494999999
2021,2021-01-01,1112,Fruits and Greens 180 capsules,501,4720.49499999998
2021,2021-12-01,1146,Vitamin D3 Pro 1000mg,496,11658.305
2021,2021-06-01,1123,Glucosamine Chondroitin 180 capsules,495,8861.60999999997
2021,2021-10-01,1130,Fish Oil,483,3749.82009999998
2021,2021-01-01,1123,Glucosamine Chondroitin 180 capsules,482,8782.84499999997
2021,2021-12-01,1152,Amino Acid Complete,481,124.675
2021,2021-01-01,1130,Fish Oil,479,3866.09474999997
2021,2021-08-01,1146,Vitamin D3 Pro 1000mg,471,10989.785
2021,2021-03-01,1166,Vitamin Tablet Organizer,471,128.335
2021,2021-12-01,1127,Allereze Nasal Spray 4oz,465,5043.37994999998
2021,2021-11-01,1145,Zinc Tablets 50 mg 60 count,463,4795.32989999999
2021,2021-11-01,1146,Vitamin D3 Pro 1000mg,457,10681.11
2021,2021-06-01,1127,Allereze Nasal Spray 4oz,455,5242.28989999998
2021,2021-08-01,1130,Fish Oil,452,3449.16499999999
2021,2021-01-01,1117,Allereze Nasal Spray 2oz,451,2456.535
2021,2021-02-01,1126,Vitamin B12 180 capsules,448,6444.54499999998
2021,2021-06-01,1146,Vitamin D3 Pro 1000mg,448,10492.28
2021,2021-12-01,1130,Fish Oil,441,3326.49999999999
2021,2021-06-01,1112,Fruits and Greens 180 capsules,440,4283.845
2021,2021-05-01,1145,Zinc Tablets 50 mg 60 count,437,4529.78499999998
2021,2021-09-01,1130,Fish Oil,436,3203.90489999999
2021,2021-05-01,1112,Fruits and Greens 180 capsules,434,4247.52499999999
2021,2021-09-01,1126,Vitamin B12 180 capsules,429,5868.29499999998
2021,2021-09-01,1131,Brain Boost,429,704.05
2021,2021-03-01,1126,Vitamin B12 180 capsules,427,6077.75999999998
2021,2021-02-01,1112,Fruits and Greens 180 capsules,420,3798.17014999999
2021,2021-11-01,1163,Elderberry Gels 60 qty,417,13518.8
2021,2021-09-01,1112,Fruits and Greens 180 capsules,414,3670.69975
2021,2021-09-01,1128,Co Q10 60 capsules,412,3092.71499999999
2021,2021-07-01,1112,Fruits and Greens 180 capsules,409,3795.145
2021,2021-02-01,1130,Fish Oil,409,3048.01499999998
2021,2021-06-01,1126,Vitamin B12 180 capsules,406,6119.76999999998
2021,2021-02-01,1149,Ultimate Fat Burner,405,104.075
2021,2021-07-01,1138,Probiotic 1500,402,300.96
2021,2021-12-01,1143,Stress Management,401,2212.405
2021,2021-07-01,1140,Vitamin D3 5000mg,401,20393.10995
2021,2021-08-01,1123,Glucosamine Chondroitin 180 capsules,397,6969.08994999998
2021,2021-11-01,1112,Fruits and Greens 180 capsules,395,3661.67499999999
2021,2021-01-01,1166,Vitamin Tablet Organizer,391,112.01
2021,2021-10-01,1126,Vitamin B12 180 capsules,390,5870.14499999998
2021,2021-12-01,1155,Hair/Skin/Nails Ultra 180 capsules,381,152.94995
2021,2021-11-01,1126,Vitamin B12 180 capsules,381,5587.36999999999
2021,2021-10-01,1140,Vitamin D3 5000mg,377,19992.69
2021,2021-12-01,1131,Brain Boost,373,1421.125
2021,2021-08-01,1112,Fruits and Greens 180 capsules,367,3441.285
2021,2021-01-01,1126,Vitamin B12 180 capsules,365,5203.96494999999
2021,2021-07-01,1128,Co Q10 60 capsules,364,2822.2449
2021,2021-08-01,1127,Allereze Nasal Spray 4oz,362,3963.72999999999
2021,2021-09-01,1144,DHEA,362,1794.22495
2021,2021-10-01,1128,Co Q10 60 capsules,356,3147.86499999998
2021,2021-09-01,1154,New you bundle,355,15976.73
2021,2021-04-01,1140,Vitamin D3 5000mg,353,18030.43495
2021,2021-07-01,1162,Liquid Magnesium,351,68.01
2021,2021-02-01,1166,Vitamin Tablet Organizer,348,83.765
2021,2021-04-01,1127,Allereze Nasal Spray 4oz,348,3657.04999999999
2021,2021-03-01,1130,Fish Oil,343,2621.85994999999
2021,2021-07-01,1144,DHEA,341,1647.8749
2021,2021-10-01,1153,Evening Primrose Oil 4oz,340,1827.48649999999
2021,2021-08-01,1126,Vitamin B12 180 capsules,333,4861.59999999999
2021,2021-03-01,1140,Vitamin D3 5000mg,315,16965.275
2021,2021-04-01,1128,Co Q10 60 capsules,315,2948.15994999999
2021,2021-09-01,1140,Vitamin D3 5000mg,312,16047.51995
2021,2021-10-01,1112,Fruits and Greens 180 capsules,306,3198.21
2021,2021-03-01,1127,Allereze Nasal Spray 4oz,303,3419.88994999999
2021,2021-01-01,1129,Zinc Sinus Nose Spray,300,173.395
2021,2021-07-01,1154,New you bundle,300,12974.51495
2021,2021-11-01,1143,Stress Management,296,1724.7899
2021,2021-05-01,1140,Vitamin D3 5000mg,289,15425.63495
2021,2021-06-01,1140,Vitamin D3 5000mg,287,15323.86495
2021,2021-01-01,1149,Ultimate Fat Burner,283,52.885
2021,2021-04-01,1150,Vitamin D3 Plus K2 180 capsules,281,13923.2
2021,2021-12-01,1140,Vitamin D3 5000mg,272,14664.565
2021,2021-11-01,1138,Probiotic 1500,269,166.605
2021,2021-11-01,1140,Vitamin D3 5000mg,269,14345.105
2021,2021-09-01,1150,Vitamin D3 Plus K2 180 capsules,268,13450.625
2021,2021-11-01,1151,Prenatal Pro 60 capsules,262,4393.06
2021,2021-07-01,1150,Vitamin D3 Plus K2 180 capsules,257,12744.345
2021,2021-10-01,1151,Prenatal Pro 60 capsules,256,4256.76
2021,2021-11-01,1154,New you bundle,251,11572.565
2021,2021-03-01,1151,Prenatal Pro 60 capsules,248,4199.155
2021,2021-01-01,1151,Prenatal Pro 60 capsules,244,4134.805
2021,2021-08-01,1140,Vitamin D3 5000mg,238,12785.285
2021,2021-09-01,1162,Liquid Magnesium,234,25.995
2021,2021-02-01,1140,Vitamin D3 5000mg,232,12343.705
2021,2021-08-01,1144,DHEA,230,1189.655
2021,2021-01-01,1140,Vitamin D3 5000mg,230,12308.34995
2021,2021-03-01,1150,Vitamin D3 Plus K2 180 capsules,228,12227.45
2021,2021-11-01,1162,Liquid Magnesium,224,68.51
2021,2021-04-01,1151,Prenatal Pro 60 capsules,223,3579.98
2021,2021-11-01,1128,Co Q10 60 capsules,222,2362.01
2021,2021-12-01,1150,Vitamin D3 Plus K2 180 capsules,222,11806.175
2021,2021-11-01,1130,Fish Oil,220,1758.545
2021,2021-09-01,1143,Stress Management,219,1276.245
2021,2021-12-01,1151,Prenatal Pro 60 capsules,217,3613.565
2021,2021-06-01,1144,DHEA,213,1047.455
2021,2021-10-01,1154,New you bundle,212,9337.06
2021,2021-07-01,1151,Prenatal Pro 60 capsules,210,3369.16500000001
2021,2021-03-01,1128,Co Q10 60 capsules,205,2132.505
2021,2021-01-01,1150,Vitamin D3 Plus K2 180 capsules,203,10780.44
2021,2021-02-01,1151,Prenatal Pro 60 capsules,202,3404.955
2021,2021-11-01,1150,Vitamin D3 Plus K2 180 capsules,202,10782.135
2021,2021-09-01,1151,Prenatal Pro 60 capsules,198,3231.3
2021,2021-05-01,1150,Vitamin D3 Plus K2 180 capsules,195,10361.495
2021,2021-12-01,4444,Co Q10 180 capsules,194,135.68995
2021,2021-08-01,1154,New you bundle,193,8889.47999999999
2021,2021-12-01,1125,Glucos Ecommerce,192,0
2021,2021-01-01,1127,Allereze Nasal Spray 4oz,188,1575.45
2021,2021-06-01,1150,Vitamin D3 Plus K2 180 capsules,186,10065.235
2021,2021-04-01,1160,Vitamin D3 Pro 5000mg,185,9297.42495
2021,2021-08-01,1128,Co Q10 60 capsules,185,2073.02
2021,2021-10-01,1167,Choline,184,1072.34
2021,2021-10-01,1142,Immune Support,183,888.375000000001
2021,2021-02-01,1127,Allereze Nasal Spray 4oz,182,2075.10999999999
2021,2021-11-01,1161,Evening Primrose Oil 2oz,181,999.355
2021,2021-11-01,1142,Immune Support,181,894.395
2021,2021-08-01,1151,Prenatal Pro 60 capsules,180,3034.83995
2021,2021-12-01,1154,New you bundle,178,8259.53499999999
2021,2021-10-01,1145,Zinc Tablets 50 mg 60 count,177,1804.17494999999
2021,2021-10-01,1150,Vitamin D3 Plus K2 180 capsules,176,8955.76
2021,2021-05-01,1151,Prenatal Pro 60 capsules,176,2953.23
2021,2021-06-01,1151,Prenatal Pro 60 capsules,174,2946.57
2021,2021-05-01,1128,Co Q10 60 capsules,173,1740.10995
2021,2021-02-01,1150,Vitamin D3 Plus K2 180 capsules,173,9158.595
2021,2021-08-01,1150,Vitamin D3 Plus K2 180 capsules,171,9137.94
2021,2021-07-01,1143,Stress Management,164,916.47995
2021,2021-11-01,1167,Choline,163,977.37
2021,2021-12-01,1128,Co Q10 60 capsules,163,1794.31
2021,2021-12-01,1142,Immune Support,160,681.635
2021,2021-09-01,1167,Choline,159,920.42
2021,2021-07-01,1167,Choline,156,884.734950000002
2021,2021-11-01,1132,Fruits and Greens Ecommerce,154,1539.23
2021,2021-06-01,1167,Choline,151,903.795
2021,2021-09-01,1160,Vitamin D3 Pro 5000mg,151,7716.825
2021,2021-05-01,1144,DHEA,151,744.295
2021,2021-06-01,1128,Co Q10 60 capsules,149,1611.97
2021,2021-08-01,1131,Brain Boost,148,253.53
2021,2021-10-01,1143,Stress Management,144,813.335
2021,2021-11-01,1125,Glucos Ecommerce,144,937.44
2021,2021-12-01,1160,Vitamin D3 Pro 5000mg,142,7492.09
2021,2021-10-01,1160,Vitamin D3 Pro 5000mg,140,7176.06
2021,2021-08-01,1143,Stress Management,140,846.8301
2021,2021-01-01,1160,Vitamin D3 Pro 5000mg,139,7446.66
2021,2021-07-01,1160,Vitamin D3 Pro 5000mg,138,6857
2021,2021-02-01,1160,Vitamin D3 Pro 5000mg,136,7156.96
2021,2021-03-01,1160,Vitamin D3 Pro 5000mg,135,7028.34
2021,2021-09-01,1142,Immune Support,133,706.715
2021,2021-11-01,1136,Pro DHA Memory 30 capsules,129,2004.255
2021,2021-04-01,1144,DHEA,125,573.07
2021,2021-05-01,1160,Vitamin D3 Pro 5000mg,123,6585.14
2021,2021-12-01,1136,Pro DHA Memory 30 capsules,122,1981.07
2021,2021-09-01,1157,Zinc Tablets 50 mg 120 count,119,1160.575
2021,2021-05-01,1167,Choline,116,701.525
2021,2021-06-01,1160,Vitamin D3 Pro 5000mg,115,6007.41
2021,2021-12-01,1167,Choline,114,681.58
2021,2021-11-01,1160,Vitamin D3 Pro 5000mg,112,5833.43
2021,2021-07-01,1142,Immune Support,111,593.505
2021,2021-12-01,1158,Prenatal Pro 180 capsules,110,4056.17499999999
2021,2021-09-01,1141,Zinc Glycinate,106,937.055
2021,2021-08-01,1162,Liquid Magnesium,106,19.5
2021,2021-08-01,1167,Choline,105,631.83
2021,2021-10-01,1136,Pro DHA Memory 30 capsules,105,1606.075
2021,2021-01-01,1158,Prenatal Pro 180 capsules,100,3595.725
2021,2021-09-01,1158,Prenatal Pro 180 capsules,100,3529.075
2021,2021-02-01,1158,Prenatal Pro 180 capsules,99,3714.645
2021,2021-04-01,1158,Prenatal Pro 180 capsules,99,3418.22495
2021,2021-11-01,1158,Prenatal Pro 180 capsules,99,3679.84995
2021,2021-08-01,1142,Immune Support,91,504.02
2021,2021-07-01,1158,Prenatal Pro 180 capsules,91,2985.75495
2021,2021-02-01,1129,Zinc Sinus Nose Spray,90,48.625
2021,2021-03-01,1158,Prenatal Pro 180 capsules,89,3318.18
2021,2021-05-01,1136,Pro DHA Memory 30 capsules,89,1422.36
2021,2021-07-01,1136,Pro DHA Memory 30 capsules,89,1342.81
2021,2021-09-01,1136,Pro DHA Memory 30 capsules,88,1330.165
2021,2021-08-01,1160,Vitamin D3 Pro 5000mg,86,4385.93
2021,2021-06-01,1136,Pro DHA Memory 30 capsules,83,1276.495
2021,2021-10-01,1158,Prenatal Pro 180 capsules,81,2815.795
2021,2021-12-01,1141,Zinc Glycinate,78,540.23
2021,2021-12-01,1134,Pro DHA Memory 180 capsules,77,1223.825
2021,2021-05-01,1158,Prenatal Pro 180 capsules,76,2771.53995
2021,2021-10-01,1141,Zinc Glycinate,74,646.91075
2021,2021-10-01,1157,Zinc Tablets 50 mg 120 count,72,695.98
2021,2021-06-01,1158,Prenatal Pro 180 capsules,71,2520.12
2021,2021-08-01,1158,Prenatal Pro 180 capsules,69,2550.045
2021,2021-06-01,1142,Immune Support,67,316.25
2021,2021-11-01,1134,Pro DHA Memory 180 capsules,66,1063.99
2021,2021-03-01,1136,Pro DHA Memory 30 capsules,66,1008.425
2021,2021-08-01,1157,Zinc Tablets 50 mg 120 count,65,675.655
2021,2021-04-01,1145,Zinc Tablets 50 mg 60 count,64,652.52
2021,2021-06-01,1143,Stress Management,62,323.475
2021,2021-04-01,1136,Pro DHA Memory 30 capsules,59,853.63
2021,2021-02-01,1136,Pro DHA Memory 30 capsules,58,874.755
2021,2021-08-01,1136,Pro DHA Memory 30 capsules,58,907.905
2021,2021-11-01,1135,Pro DHA Memory 60 capsules,56,895.89
2021,2021-12-01,1132,Fruits and Greens Ecommerce,54,539.73
2021,2021-05-01,1157,Zinc Tablets 50 mg 120 count,52,527.28
2021,2021-07-01,1141,Zinc Glycinate,52,451.795
2021,2021-11-01,1157,Zinc Tablets 50 mg 120 count,51,521.2
2021,2021-07-01,1157,Zinc Tablets 50 mg 120 count,51,497.56
2021,2021-05-01,1143,Stress Management,49,250.105
2021,2021-06-01,1157,Zinc Tablets 50 mg 120 count,47,486.585
2021,2021-12-01,1171,Vitamin C 180 capsules,47,248.465
2021,2021-05-01,1142,Immune Support,47,225.41
2021,2021-12-01,1157,Zinc Tablets 50 mg 120 count,45,439.835
2021,2021-11-01,1170,Vitamin B12 30 capsules,45,12.495
2021,2021-01-01,1136,Pro DHA Memory 30 capsules,44,622.62
2021,2021-08-01,1141,Zinc Glycinate,42,371.31
2021,2021-07-01,1135,Pro DHA Memory 60 capsules,41,642.1
2021,2021-11-01,1141,Zinc Glycinate,39,321.84
2021,2021-12-01,1135,Pro DHA Memory 60 capsules,39,638.59
2021,2021-05-01,1135,Pro DHA Memory 60 capsules,39,601.22
2021,2021-03-01,1134,Pro DHA Memory 180 capsules,36,543.79
2021,2021-09-01,1134,Pro DHA Memory 180 capsules,35,520.505
2021,2021-10-01,1135,Pro DHA Memory 60 capsules,35,532.77
2021,2021-03-01,1135,Pro DHA Memory 60 capsules,35,565.11
2021,2021-10-01,1134,Pro DHA Memory 180 capsules,34,498.625
2021,2021-04-01,1134,Pro DHA Memory 180 capsules,33,511.745
2021,2021-04-01,1135,Pro DHA Memory 60 capsules,31,482.895
2021,2021-06-01,1135,Pro DHA Memory 60 capsules,31,435.645
2021,2021-06-01,1134,Pro DHA Memory 180 capsules,30,455.755
2021,2021-09-01,1135,Pro DHA Memory 60 capsules,30,485.36
2021,2021-04-01,1143,Stress Management,28,149.045
2021,2021-04-01,1142,Immune Support,28,105.495
2021,2021-01-01,1134,Pro DHA Memory 180 capsules,27,287.75
2021,2021-12-01,1156,Magnesium 100mg,26,369.165
2021,2021-02-01,1135,Pro DHA Memory 60 capsules,26,405.01
2021,2021-07-01,1134,Pro DHA Memory 180 capsules,25,380.515
2021,2021-07-01,1131,Brain Boost,25,77.105
2021,2021-05-01,1134,Pro DHA Memory 180 capsules,25,414.42
2021,2021-12-01,1172,Magnessium 200mg,25,383.45
2021,2021-06-01,1141,Zinc Glycinate,24,204.41
2021,2021-05-01,1141,Zinc Glycinate,23,211.405
2021,2021-01-01,1135,Pro DHA Memory 60 capsules,20,240.57
2021,2021-08-01,1134,Pro DHA Memory 180 capsules,20,324.54
2021,2021-08-01,1135,Pro DHA Memory 60 capsules,16,230.06
2021,2021-08-01,1132,Fruits and Greens Ecommerce,15,149.175
2021,2021-05-01,1117,Allereze Nasal Spray 2oz,14,85.455
2021,2021-02-01,1148,Glucosamine MSM,14,153.93
2021,2021-02-01,1134,Pro DHA Memory 180 capsules,13,199.46
2021,2021-02-01,1118,Co Q10 30 capsules,13,0
2021,2021-04-01,1141,Zinc Glycinate,13,109.435
2021,2021-06-01,1174,ProOmega EPA/DHA  180 capsules,9,58.475
2021,2021-01-01,1118,Co Q10 30 capsules,9,0
2021,2021-05-01,1174,ProOmega EPA/DHA  180 capsules,9,75.935
2021,2021-11-01,1153,Evening Primrose Oil 4oz,9,0
2021,2021-08-01,1174,ProOmega EPA/DHA  180 capsules,8,28.485
2021,2021-07-01,1148,Glucosamine MSM,8,79.165
2021,2021-12-01,1153,Evening Primrose Oil 4oz,8,45.465
2021,2021-09-01,1148,Glucosamine MSM,6,90
2021,2021-09-01,1174,ProOmega EPA/DHA  180 capsules,6,36.48
2021,2021-10-01,1173,ProOmega EPA/DHA 60 capsules,6,46.975
2021,2021-11-01,1173,ProOmega EPA/DHA 60 capsules,5,46.98
2021,2021-10-01,1148,Glucosamine MSM,5,60
2021,2021-06-01,1173,ProOmega EPA/DHA 60 capsules,5,29.985
2021,2021-04-01,1174,ProOmega EPA/DHA  180 capsules,5,45.475
2021,2021-07-01,1174,ProOmega EPA/DHA  180 capsules,5,34.485
2021,2021-05-01,1173,ProOmega EPA/DHA 60 capsules,5,44.98
2021,2021-07-01,1173,ProOmega EPA/DHA 60 capsules,5,23.99
2021,2021-10-01,1138,Probiotic 1500,5,0
2021,2021-10-01,1137,Phosphatidylserine,5,0
2021,2021-10-01,1174,ProOmega EPA/DHA  180 capsules,5,34.48
2021,2021-04-01,1173,ProOmega EPA/DHA 60 capsules,5,43.98
2021,2021-04-01,1148,Glucosamine MSM,4,39.585
2021,2021-04-01,1129,Zinc Sinus Nose Spray,4,0
2021,2021-12-01,1178,Vitamin C 60 capsules,4,28.855
2021,2021-08-01,1148,Glucosamine MSM,3,29.685
2021,2021-12-01,1173,ProOmega EPA/DHA 60 capsules,3,28.985
2021,2021-09-01,1156,Magnesium 100mg,3,0
2021,2021-09-01,1172,Magnessium 200mg,3,0
2021,2021-07-01,1124,Elderberry Gels 30 qty,3,55.495
2021,2021-12-01,1161,Evening Primrose Oil 2oz,3,12.99
2021,2021-11-01,1168,Elderberry Gels 180 qty,2,34.995
2021,2021-09-01,1173,ProOmega EPA/DHA 60 capsules,2,9.995
2021,2021-08-01,1173,ProOmega EPA/DHA 60 capsules,2,9.995
2021,2021-09-01,1161,Evening Primrose Oil 2oz,2,0
2021,2021-04-01,1157,Zinc Tablets 50 mg 120 count,2,20.34
2021,2021-09-01,1153,Evening Primrose Oil 4oz,2,0
2021,2021-06-01,1175,ProOmega EPA/DHA 30 capsules,2,18.495
2021,2021-12-01,1174,ProOmega EPA/DHA  180 capsules,2,18.49
2021,2021-09-01,1124,Elderberry Gels 30 qty,2,0
2021,2021-05-01,1175,ProOmega EPA/DHA 30 capsules,2,9.995
2021,2021-10-01,1171,Vitamin C 180 capsules,1,0
2021,2021-10-01,1175,ProOmega EPA/DHA 30 capsules,1,9.995
2021,2021-11-01,1175,ProOmega EPA/DHA 30 capsules,1,8.495
2021,2021-10-01,1152,Amino Acid Complete,1,0
2021,2021-11-01,1174,ProOmega EPA/DHA  180 capsules,1,9.995
2021,2021-11-01,1172,Magnessium 200mg,1,0
2021,2021-07-01,1175,ProOmega EPA/DHA 30 capsules,1,7.995
2021,2021-05-01,1152,Amino Acid Complete,1,2.5
2021,2021-09-01,1175,ProOmega EPA/DHA 30 capsules,1,0
2021,2021-11-01,1156,Magnesium 100mg,1,0
2021,2021-03-01,1129,Zinc Sinus Nose Spray,1,0
2021,2021-12-01,1168,Elderberry Gels 180 qty,1,34.995
2021,2021-08-01,1124,Elderberry Gels 30 qty,1,25.5
2021,2021-12-01,1175,ProOmega EPA/DHA 30 capsules,1,9.995
2021,2021-04-01,1130,Fish Oil,1,9.995
